"('Tm',)"
0.3036871353785197
0.28099000453948975
0.3448513348897298
0.06094866991043091
0.05649826427300771
0.06916824479897817
0.1624863545099894
0.14953229824701944
0.18536525964736938
0.2206458846728007
0.2044684886932373
0.2501176397005717
