"('Tm',)"
0.3001978596051534
0.2780713438987732
0.3395654757817586
0.06637933850288391
0.061316986878712974
0.07556654512882233
0.16388356685638428
0.15057378013928732
0.18702652057011923
0.22356190284093222
0.20697909593582153
0.2531059980392456
