"('Tm',)"
0.31679685910542804
0.35364564259847003
0.29568755626678467
0.0677027702331543
0.07605110605557759
0.06307946145534515
0.1664603849252065
0.1856245001157125
0.15556049346923828
0.23231597741444907
0.2600834170977275
0.21654832363128662
