Sent,Tm,Lex,Luhn,Lsa,Tr,LDA
"Wilkinson fit to face Edinburgh

England captain Jonny Wilkinson will make his long-awaited return from injury against Edinburgh on Saturday.

",8.280000000000001,0.13241589083109792,96,0.14867904775898727,0.10755627866151425,0.7654741245918547
"Wilkinson, who has not played since injuring his bicep on 17 October, took part in full-contact training with Newcastle Falcons on Wednesday.",3.68,0.10222563940661425,81,0.23764426378904552,0.10806082255490258,0.7538193822951453
And the 25-year-old fly-half will start Saturday's Heineken Cup match at Murrayfield on the bench.,2.7600000000000002,0.12320946749134146,64,-0.21219457970340094,0.10592777092165787,0.7572447586556702
"But Newcastle director of rugby Rob Andrew said: ""He's fine and we hope to get him into the game at some stage.""",5.5200000000000005,0.10890654604621786,48,0.11798788589389747,0.10205485801944914,0.7461581923467584
The 25-year-old missed England's autumn internationals after aggravating the haematoma in his upper right arm against Saracens.,3.68,0.0988248253607112,74,-0.21301971571403303,0.10582803633785112,0.7563043750363243
He was subsequently replaced as England captain by full-back Jason Robinson.,2.7600000000000002,0.09590115725014521,55,0.16229140976270304,0.10704179768265064,0.7229585286493925
"Sale's Charlie Hodgson took over the number 10 shirt in the internationals against Canada, South Africa and Australia.",2.7600000000000002,0.10640120678026534,70,-0.1033684291126061,0.10229778797345333,0.7551285992517148
"Wilkinson's year has been disrupted by injury as his muscle problem followed eight months on the sidelines with a shoulder injury sustained in the World Cup final.
",12.88,0.11211526683360679,87,0.023524432160599126,0.10123264784852094,0.7634992330485959
