Sent,Tm,Lex,Luhn,Lsa,Tr,LDA
"VW considers opening Indian plant

Volkswagen is considering building a car factory in India, but said it had yet to make a final decision.

",9.200000000000001,0.16047286471838396,75,0.2199361810379954,0.12856210378111466,0.7603348690271338
"The German giant said it was studying the possibility of opening an assembly plant in the country, but that it remained only a ""potential"" idea.",8.280000000000001,0.10640401652024377,70,0.2963438856273157,0.12506806331095535,0.7549682352148044
Its comments came after the industry minister of India's Andhra Pradesh state said a team of VW officials were due to visit to discuss the plans.,6.44,0.11302157865455996,80,-0.15985567231324793,0.12349455776378435,0.7610912740981672
B. Satyanarayana said he expected VW to co-sign a memorandum of agreement.,1.84,0.11682254547241022,47,-0.03575097951608852,0.11180443648540912,0.7228806022906249
"Several foreign carmakers, including Hyundai, Toyota, Suzuki and Ford, already have Indian production facilities to meet demand for automobiles in Asia's fourth-largest economy.",4.6000000000000005,0.12163264020650953,112,0.10241574796364517,0.12197183607502346,0.7699768905109827
VW's proposed plant would be set up in the port city of Visakhapatnam on India's eastern coast.,7.36,0.11668545872912446,57,0.14635805697446982,0.10889435048803094,0.7498588111887289
"An Andhra Pradesh official added that VW had already approved a factory site measuring 250 acres.
",5.5200000000000005,0.14496089569876808,58,-0.14091859870542836,0.12020465209568207,0.7520204687686817
