Sent,Tm,Lex,Luhn,Lsa,Tr,LDA
"Jones medals 'must go if guilty'

World Anti-Doping Agency (WADA) chief Dick Pound says Marion Jones should be stripped of all her medals if found guilty of taking banned substances.

",6.44,0.0862392351947308,106,-0.07502757775465972,0.11092620320270098,0.7729501207822088
"Victor Conte, of Balco Laboratories, claims the American sprinter regularly used drugs to enhance her performance.",3.68,0.08120955673005273,78,0.32643048277242037,0.09828006880732587,0.754558909976953
"""If she is found guilty she should be stripped of all her medals and banned for two years,"" said Pound.",3.68,0.13561500597133025,32,-0.0999786912187531,0.107623827716791,0.7226205962816964
"Asked if there was a timescale as to what medals could be taken, Pound said: ""That is not an issue at all.""",2.7600000000000002,0.07853213207083656,27,-2.6854818016529975e-05,0.09530945966775695,0.7089331396306539
"However, under International Olympic Committee (IOC) rules, athletes can only be stripped of their medals if caught within three years of the event.",1.84,0.08271232769709906,67,-0.03159946893653483,0.105326197786014,0.7550100202831445
"Jones, who won five medals at the 2000 Olympics, denies using drugs and says she will take legal action over Conte's allegations.",3.68,0.13981127932796178,58,0.22022956648406347,0.10860612532090565,0.7528448599038782
Balco Laboratories is the firm at the centre of a wide-reaching investigation into doping in the US.,3.68,0.09411873768429378,54,0.16083705260230294,0.0975702350091399,0.7403591397373115
"Pound continued: ""If she has indeed taken drugs it is going to be a big disappointment for a lot of people.",3.68,0.08398394754591727,43,0.16739255856143526,0.10089770452543682,0.731585841528526
"""
",0.0,0.09777777777777777,0,0.0,0.015460177963928892,0.26666666666666666
