Sent,Tm,Lex,Luhn,Lsa,Tr,LDA
"Roddick in talks over new coach

Andy Roddick is reportedly close to confirming US Davis Cup assistant Dean Goldfine as his new coach.

",11.96,0.2071803389134701,83,-0.009976793786184398,0.10433935759503948,0.7625232083565398
"Roddick ended his 18-month partnership with Brad Gilbert on Monday, and Goldfine admits talks have taken place.",1.84,0.08204275712618561,68,0.03668397842572823,0.10973937806495818,0.7577713989531765
"""We had a really good conversation and we're on the same page in terms of what I expect from a player in commitment and what he wants,"" said Goldfine.",5.5200000000000005,0.10508870756662174,54,0.30971860615990715,0.10730235386798265,0.7378312296268771
"""The reading I got from him is that I would have a lot of the qualities he's looking for in a coach.""",4.6000000000000005,0.07708735616986694,19,-0.07395941845493702,0.10374937348042067,0.6918845559193428
"Speaking to told South Florida's Sun-Sentinel newspaper, Goldfine added: ""That being said, from his standpoint, which is smart, he wants to cover all his bases.",3.68,0.10460095589299158,79,0.10159116063047062,0.10216625868572994,0.7612317386195717
"""I think Andy wants a long-term relationship and wants to make sure it's the right fit... the best fit.""",5.5200000000000005,0.10434728499154186,35,0.2941897527603318,0.10754664450424742,0.7326696867813176
"Goldfine, 39, has worked with Todd Martin and Roddick's close friend Mardy Fish, and was an assistant coach with the US Olympic team.",10.120000000000001,0.10517404578111772,76,-0.06440571567681083,0.10497952340834943,0.7632861722263534
"Martin is the other name to have been linked to the vacant post alongside Roddick.
",2.7600000000000002,0.09447855355820439,36,-0.08899917739592982,0.10017711039327218,0.7221160951588476
