Sent,Tm,Lex,Luhn,Lsa,Tr,LDA
"Kilroy unveils immigration policy

Ex-chatshow host Robert Kilroy-Silk has attacked UK policy on immigration saying Britain's open door approach is hitting low wage ""indigenous"" workers.

",14.72,0.09494334402373265,136,-0.15358097717944802,0.10759347804150599,0.7772352219904463
"The Veritas leader said the only people to benefit from immigrants from places like Poland were employers, landlords, members of the 'metropolitan elite'.",5.5200000000000005,0.10585091707439684,86,0.24543494419003029,0.10265140490567505,0.7586159967577467
The MEP said his party would only admit foreigners who were required because they had specific skills to offer.,3.68,0.11,47,7.877850172089353e-15,0.10046437436207978,0.7404540349135728
"And he argued asylum cost £2bn a year for 14,000 successful applicants.

",8.280000000000001,0.0896523736781797,47,0.032536726689327874,0.10668412842610511,0.74266597014065
"Mr Kilroy-Silk said that worked out at £143,000 per successful asylum seeker.",7.36,0.15733981288237614,46,-0.08212384362188423,0.10007532598429353,0.7398669190217375
He said Veritas wanted to grant an amnesty for all those in Britain claiming asylum and who have children and deport everyone else.,6.44,0.09011540692323344,51,0.2347755240040323,0.1033919780255197,0.7452466977591131
"Britain should take its fair share of asylum seekers under the United Nations Convention on Human Rights, he argued.",5.5200000000000005,0.13276125765241198,66,0.18788034439510387,0.10949944550902134,0.7546127003080916
"And Mr Kilroy-Silk said he wanted to spend an extra £500m a year to help provide for refugees abroad.
",5.5200000000000005,0.0993368877656692,56,-0.1599923939337974,0.10963986474579945,0.7536095033447232
