Sent,Tm,Lex,Luhn,Lsa,Tr,LDA
"Weak dollar hits Reuters

Revenues at media group Reuters slipped 11% during 2004, mainly due to the weakness of the dollar, the group said.

",14.72,0.0889220167606002,76,-0.19436442727271203,0.09168013253971365,0.7637319911715138
The company said it was optimistic about growth even as revenues slipped 11% from £3.24bn ($6.13bn) in 2003 to £2.89bn in 2004.,11.040000000000001,0.11390753172273618,61,-0.20785651826869844,0.09556644993105216,0.7604905271355041
"Reuters beat profit forecasts, posting a 52% rise in profits for the year to £198m from the £130m seen a year earlier.",18.400000000000002,0.09982648710461146,64,0.1188675106569598,0.09394710252666513,0.7608106715177003
"Reuters also beat its savings target for 2004, delivering £234m of cuts.",5.5200000000000005,0.1181183382922908,42,-0.03444320262771986,0.09213383348996573,0.7369783347582652
"Under its three-year Fast Forward turnaround plan it had aimed to save £220m during the 12 months to 31 December.

",4.6000000000000005,0.08875917465151864,64,0.1342896005843924,0.09404109822958119,0.7574584020450685
Reuters also managed to slow a decline in underlying revenues to 5.4% from 10.2% in 2003 and cut its debt back to £160m from £610m a year earlier.,13.8,0.11447795724974906,78,-0.04295184408791908,0.09572117669747361,0.7622860487777164
"The news and financial data seller said the year had begun well, adding it expected ""further gradual improvement"" in the second quarter of the year after good January sales.",20.240000000000002,0.09392674735907779,85,0.2653123590344831,0.09494597991085864,0.7650171359770348
It added it was planning to deliver a further £105m of savings over the coming year - but said it expects to be hit with an £80m restructuring charge to pay for the cost of moving from Fleet Street to new headquarters in London at Canary Wharf.,16.560000000000002,0.08797110141598605,118,0.18675704353563033,0.09248164777995443,0.7737819825063753
"""Improving customer relationships, more competitive products and continued strong cost discipline position us well for 2005,"" chief executive Tom Glocer said, adding the company was beginning ""to look beyond recovery to growth"".
",13.8,0.07409064544342982,137,0.07407190030262183,0.08948257889473547,0.7740630723171104
