Sent,Tm,Lex,Luhn,Lsa,Tr,LDA
"Iranian misses Israel match

Iranian striker Vahid Hashemian will not travel to Israel for Bayern Munich's Champions League match against Maccabi Tel Aviv on Wednesday.

",6.44,0.10824553622757739,118,-0.04951779297947871,0.1003932150537656,0.7727885987309665
The German club said the player had pulled out because of a back injury.,4.6000000000000005,0.09166666666666666,30,-0.1566864618200157,0.10734034089435779,0.7107252147554592
Iran refuses to recognise Israel's right to exist and does not allow its citizens to travel to the country.,4.6000000000000005,0.11175446377242262,50,0.11108178203933886,0.10289835107236656,0.7380566929808872
A Bayern spokesman said on Monday that the decision not to take Hashemian to Israel had been motivated only by his physical condition.,5.5200000000000005,0.1117544637724226,69,-0.140896069202097,0.11155320949020447,0.7448904823680111
"""He's got back pain and he couldn't train,"" the spokesman said.",5.5200000000000005,0.12745610144712202,22,-0.20889147701398783,0.10356268151077805,0.66460181976769
"""It would have made no sense for him to go.""",0.92,0.11,9,2.8713065838179535e-16,0.0983717487447654,0.6214111328499788
"Iran gave judo world champion Arash Miresmaeili a $125,000 reward when he refused to fight an Israeli at the Athens Olympics.",6.44,0.12745610144712202,84,0.2769461234149465,0.10533843488150323,0.7617894361799338
"The International Judo Federation considered taking action against Miresmaeili but concluded he had been overweight for the fight and could not have taken part.
",4.6000000000000005,0.09166666666666666,83,0.23497743981416677,0.11054201835225892,0.7456034817151881
