Sent,Tm,Lex,Luhn,Lsa,Tr,LDA
"Saudi investor picks up the Savoy

London's famous Savoy hotel has been sold to a group combining Saudi billionaire investor Prince Alwaleed bin Talal and a unit of HBOS bank.

",11.040000000000001,0.1299013652992809,119,0.26208005748891183,0.11301055340725351,0.7750811542533809
"Financial details of the deal, which includes the nearby Simpson's in the Strand restaurant, were not disclosed.",2.7600000000000002,0.12404272695609542,63,-0.14336923305097352,0.11972334461807982,0.739513198397941
"The seller - Irish-based property firm Quinlan Private - bought the Savoy along with the Berkeley, Claridge's and the Connaught for £750m last year.",5.5200000000000005,0.12084437335193966,84,0.02446952455471981,0.12464279726167934,0.7640184057664472
Prince Alwaleed's hotel investments include the luxury George V in Paris.,5.5200000000000005,0.12714469271222684,53,0.25878946829929256,0.12304188330282012,0.739217585777241
"He also has substantial stakes in Fairmont Hotels & Resorts, which will manage the Savoy and Simpson's in the Strand, and Four Seasons.",1.84,0.13867381627857467,66,-0.19495395264689566,0.12337884253419497,0.7496628973766537
Fairmont said it planned to invest $48m (£26m) in renovating parts of the Savoy including the River Room and suites with views over the River Thames.,2.7600000000000002,0.11858519738927506,79,-0.04576804826135027,0.12003946111888061,0.7633976246828239
"Work was expected to be completed by summer 2006, Fairmont said.
",1.84,0.12080782801260756,36,-0.14151297305505353,0.11616311775709166,0.7232765337943189
