Sent,Tm,Lex,Luhn,Lsa,Tr,LDA
"Help for indies in download sales

A campaign has been launched to help independent labels get their music online and benefit from the growing trend for downloading music.

",28.52,0.14688441875775016,87,0.22297793613569464,0.09674155923855315,0.7616320175643154
The British Phonographic Industry has identified a lack of independent music available for download.,18.400000000000002,0.07663374502930752,63,0.17749046958813924,0.09349216256059337,0.7374496012340438
"""We want to ensure that independent repertoire is as successful in the download world as it is in the physical world,"" said BPI chief Peter Jamieson.",21.16,0.07964807412703792,84,0.04336302238152734,0.09161279505153185,0.7572514427870412
Downloaded singles have now overtaken physical singles in the UK.,2.7600000000000002,0.09441654894560801,39,-0.17707201651086812,0.09093232118983614,0.7217781580379593
"Mr Jamieson said his organisation was lobbying music service providers, which include iTunes and Napster, to urge them to promote independent releases.",14.72,0.08672962561760036,95,0.14247907906335341,0.09210919052648371,0.7630148280416352
Download sales are due to be incorporated into the UK singles chart later this year.,4.6000000000000005,0.11016359570415653,43,-0.2118237969546183,0.09633241023089384,0.7323486791529986
"""With downloads shortly to be eligible for the singles chart, this is a key commercial issue on which the BPI committed to assisting its members,"" added Mr Jamieson.",7.36,0.11959489062803223,86,-0.07270939477490437,0.09395531378412224,0.7639234020643402
"As part of the campaign the BPI is running a series of seminars entitled Getting Your Music Online, focusing on how independent labels can embrace digital music.",16.560000000000002,0.09566469659805577,93,0.2746263488395402,0.09536279273993403,0.7625769482285034
"The US has already begun incorporating download sales in the Billboard's Hot 100 chart.
",11.040000000000001,0.07026440459245145,48,-0.12712768886443607,0.08946145467805162,0.739976156696725
