Sent,Tm,Lex,Luhn,Lsa,Tr,LDA
"DaimlerChrysler's 2004 sales rise

US-German carmaker DaimlerChrysler has sold 2.1% more cars in 2004 than in the previous year, as solid Chrysler sales offset a weak showing for Mercedes.

",15.64,0.1612908665864098,125,0.09022863218011519,0.098159947610479,0.772596706321055
"Sales totalled 3.9 million units worldwide during 2004, the company said at the Detroit Motor Show.",8.280000000000001,0.10070286167060832,58,-0.19770165907516568,0.09704039348938069,0.7456062692599449
"A switch to new models hit luxury marque Mercedes-Benz, with sales down 3.1% at 1.06 million.",6.44,0.08872501871533585,54,-0.01832114300465271,0.09495099345280887,0.7470550021904818
"Chrysler avoided the fate of US rivals Ford and General Motors, both of whom lost ground to Japanese firms.",1.84,0.09166359077527673,61,0.08355672682162951,0.09040324661750736,0.7546646132662735
"Its sales rose 3.5% to 2.7 million units.

",2.7600000000000002,0.10057590664558742,23,-0.18979318066077192,0.09058213896823362,0.6901352635450886
"Similarly on the up was the Smart brand of compact cars, with the division's sales jumping by 21.1% during 2004 to 136,000.",7.36,0.07354827664944356,58,0.16186267296814139,0.09578769269875259,0.7564124444145889
"The future of the brand - which is controlled by the Mercedes group within DaimlerChrysler - remains in question, however.",8.280000000000001,0.07072493535442144,59,0.2076354562489216,0.09067675678753871,0.7391115872598826
"Smart has consistently lost money since it started trading in 1998, and new model launches are now ""on hold"", said Mercedes chief executive Eckhard Cordes.",7.36,0.09464997790230939,88,0.18330198430858738,0.09430677679822386,0.7659114408178537
"In Europe, the Smart will now go on sale through regular Mercedes dealerships as well as its own dealer network, Mr Cordes said.
",9.200000000000001,0.09811856570060748,58,0.19022402387271037,0.08809205357707534,0.7484167269230426
