Sent,Tm,Lex,Luhn,Lsa,Tr,LDA
"Manics in charge of BBC 6 Music

The Manic Street Preachers are to take over the helm of BBC digital radio station 6 Music for a week in December.

",16.560000000000002,0.11744081171771933,83,0.28619070021442494,0.0948415838176204,0.7652111241231014
"The Welsh band, whose hits include Design For Life and If You Tolerate This, have already chosen which records to play between 6 and 12 December.",11.040000000000001,0.09319530869420188,64,0.05722485928355396,0.09766967636296382,0.7578295629249401
Their albums of the day include Who's Next by The Who and U2's Joshua Tree.,3.68,0.09233997187288849,28,-0.018423874965509273,0.08791189867773203,0.722859261909023
The group will also perform their own live session.,6.44,0.12537539760514393,23,-0.18568599183388218,0.09160600920789115,0.689930640386291
"They follow in the footsteps of Radiohead, who took over the station for a week last year.

",5.5200000000000005,0.0807895143469293,38,0.19027636927438393,0.09203297137496795,0.722693158787825
"Bass player Nicky Wire will join Phil Jupitus on his morning show on Monday 6 December, while vocalist and guitarist James Dean Bradfield will appear on Andrew Collins' afternoon show on Thursday 9.",14.72,0.09443421067463195,130,0.044867445294188964,0.09277308465386025,0.7730726337017813
"The group have also chosen documentaries to air, such as The Leonard Cohen Story and Guitar Greats - Jimmy Page.",4.6000000000000005,0.08277586788537164,64,-0.09039513412553274,0.09435978265460385,0.754041918751217
The live concert session tracks they have picked include The Specials' Rat Race recorded at Hammersmith Odeon in London and Public Enemy's Fight The Power and Rebel Without A Pause.,7.36,0.08679856902424496,108,-0.1470587810899856,0.09706693833268647,0.7721706838026319
"The band will also answer questions e-mailed in by 6 Music listeners.
",7.36,0.10685034817886845,38,0.2160924555342568,0.09173805491767412,0.7218616917696137
