Sent,Tm,Lex,Luhn,Lsa,Tr,LDA
"Safin slumps to shock Dubai loss

Marat Safin suffered a shock loss to unseeded Nicolas Kiefer in round one of the Dubai Tennis Championships.

",11.040000000000001,0.10716513575505458,98,0.2683466843984076,0.10011615561347191,0.7699068056385148
"Playing his first match since winning the Australian Open, Safin showed some good touches but was beaten 7-6 (7-2) 6-4 by the in-form Kiefer.",2.7600000000000002,0.11942931769271334,70,0.24488712311134087,0.11275595797584792,0.7533169081408194
"The German got on top in the first-set tie-break, striking a sweet forehand to win the first point against serve.",10.120000000000001,0.14094676443211224,59,-0.17052778367251972,0.10866546147006045,0.7499626094686005
"And he maintained the momentum early in the second set, breaking the Russian with the help of an inspired volley.",6.44,0.09786320449704641,49,-0.18611327352886284,0.0971344595420601,0.7381233036458605
Spain's Feliciano Lopez lined up a second round clash with Andre Agassi by beating Thailand's Paradorn Srichaphan.,2.7600000000000002,0.10292520271654783,74,0.13953111423324555,0.102641986816926,0.7582152706365436
"Lopez, who lost in three sets to Roger Federer in last year's final, won 6-2 3-6 6-3.",3.68,0.10307114256984762,45,-0.06597469374715757,0.11095519367301726,0.7390127191623023
Former champion Fabrice Santoro of France was beaten 6-3 6-0 by sixth seeded Russian Nikolay Davydenko.,1.84,0.10546184891413757,70,0.03483044015216805,0.11252455355644705,0.7500752534031965
"There were also wins for two other Russians, Igor Andreev and seventh seed Mikhail Youzhny.
",2.7600000000000002,0.10313738342254045,47,0.016183372107856836,0.09520623135216937,0.7394556759848395
