Sent,Tm,Lex,Luhn,Lsa,Tr,LDA
"Everton's Weir cools Euro hopes

Everton defender David Weir has played down talk of European football, despite his team lying in second place in the Premiership after beating Liverpool.

",6.44,0.10158677568816589,108,0.3298058473563009,0.09714624476878406,0.7729436466213762
"Weir told BBC Radio Five Live: ""We don't want to rest on our laurels and say we have achieved anything yet.",0.92,0.0964621426206174,37,0.29498731762624325,0.09889397500080717,0.7386031279590974
"""I think you start taking your eye off the ball if you make statements and look too far into the future.",6.44,0.09777777777777777,35,3.7202706634432843e-16,0.111107999760715,0.7230784226680549
"""If you start making predictions you soon fall back into trouble.",4.6000000000000005,0.09777777777777777,34,2.7690761720490137e-16,0.10850998030974501,0.7102836982133383
"The only thing that matters is the next game.""",1.84,0.09777777777777777,15,-2.781235016642104e-16,0.1024674208632041,0.6652931365672852
"He said: ""We are looking after each other and hard work goes a long way in this league.",3.68,0.09777777777777777,18,-2.542670934913005e-16,0.10851103423791192,0.6929766144862546
We have definitely shown that.,0.0,0.09777777777777777,4,-3.324077124666758e-16,0.09235389391167681,0.26666666666666666
"""Also injuries and suspensions haven't cost us too badly and we have a lot of self-belief around the place.",4.6000000000000005,0.09528441502455004,44,0.14749365881312138,0.10554927318322686,0.7394469269111945
"""
",0.0,0.09777777777777777,0,0.0,0.015460177963928892,0.26666666666666666
