Sent,Tm,Lex,Luhn,Lsa,Tr,LDA
"Injury sidelines Philippoussis

Mark Philippoussis withdrew from the Sydney International tennis tournament as expected on Sunday after suffering a groin injury during the Hopman Cup.

",5.5200000000000005,0.14443894511518401,125,0.297123995739719,0.13674748364394335,0.7694324393527459
"His participation in the Australian Open, which begins on 17 January in Melbourne, also remains in doubt.",2.7600000000000002,0.14195520535887685,61,-0.08740192235778949,0.13182512907380356,0.7455301518007894
Defending women's champion Justine Henin-Hardenne is also out of the Sydney event because of a knee injury.,8.280000000000001,0.14766770243663932,61,0.2583983534825024,0.1390574437111453,0.7501861233787047
"In the only main draw men's or women's singles match on Sunday, Nathalie Dechy beat American Lisa Raymond 7-5 6-3.",9.200000000000001,0.1268193520414526,75,-0.05678873668390549,0.14133811041714148,0.7598502040066673
Number one men's seed Lleyton Hewitt begins his quest for a fourth Sydney title on Tuesday when he plays Karol Beck.,5.5200000000000005,0.13336842738008842,70,-0.13323736550186938,0.14504685614653404,0.7634838076350734
"Lindsay Davenport, top seed in the women's draw, has been handed a first-round bye and plays France's Dechy in the second round on Tuesday.
",11.040000000000001,0.18575036766775885,79,-0.17179773290878486,0.145984977007432,0.7608440105461355
