Sent,Tm,Lex,Luhn,Lsa,Tr,LDA
"Pountney handed ban and fine

Northampton coach Budge Pountney has been fined £2,000 and banned from match-day coaching for six weeks for calling a referee ""a disgrace"".

",11.040000000000001,0.2550290499653605,100,-0.0796823333545411,0.15384197468043168,0.7695441641334552
Pountney was found guilty of bringing the game into disrepute at a Rugby Football Union disciplinary hearing in London on Thursday night.,8.280000000000001,0.1393144175494438,95,0.2946064087800562,0.15132505677042515,0.7609794011356151
Pountney criticised referee Steve Lander's performance in Northampton's defeat by Saracens on 5 February.,4.6000000000000005,0.11464230497738827,79,0.052922701672660714,0.13425168059723486,0.7499664411834417
The last two weeks of the six-week ban are suspended.,3.68,0.11102255866258842,22,-0.1827788540072682,0.13759759474168307,0.6899202816053985
"Pountney pleaded guilty to the offence before a panel consisting of chairman Robert Horner, Nigel Gillingham and Jeff Probyn.",4.6000000000000005,0.1405820507428816,83,0.27336138607890975,0.11670604865286169,0.7612749027439889
"The ban means former Scotland international Pountney cannot enter the playing enclosure, technical areas or go near the touchline, tunnel or players and officials' areas on the day of a game.
",12.88,0.11940961810233737,107,0.07323403843595921,0.14627764455736322,0.7692774102835375
