Sent,Tm,Lex,Luhn,Lsa,Tr,LDA
"MPs issued with Blackberry threat

MPs will be thrown out of the Commons if they use Blackberries in the chamber Speaker Michael Martin has ruled.

",3.68,0.18972677162423732,77,-0.051274581982461605,0.11466446302963484,0.7599293063672873
"The £200 handheld computers can be used as a phone, pager or to send e-mails.",6.44,0.11255556935346477,40,0.3318212439751741,0.09197941272608078,0.7327921811484002
The devices gained new prominence this week after Alastair Campbell used his to accidentally send an expletive-laden message to a Newsnight journalist.,6.44,0.10628353502816844,97,0.14193778428794512,0.10669767911704524,0.761200742234044
"Mr Martin revealed some MPs had been using their Blackberries during debates and he also cautioned members against using hidden earpieces.

",0.0,0.08543890585063792,57,-0.08622141269993941,0.11178565589557689,0.7432192656828995
The use of electronic devices in the Commons chamber has long been frowned on.,4.6000000000000005,0.10335822934267641,39,0.046011451987059894,0.10288797193670325,0.7224816842811226
The sound of a mobile phone or a pager can result in a strong rebuke from either the Speaker or his deputies.,8.280000000000001,0.10929186913292535,52,0.2998182776756075,0.11107507638008579,0.7448529200185798
The Speaker chairs debates in the Commons and is charged with ensuring order in the chamber and enforcing rules and conventions of the House.,3.68,0.0899194246785322,74,0.013615133154824058,0.10765292225072898,0.7576264169921911
"He or she is always an MP chosen by colleagues who, once nominated, gives up all party political allegiances.
",1.84,0.08342569498935759,49,-0.055586751522726734,0.0932568186641443,0.7328542326233981
