Sent,Tm,Lex,Luhn,Lsa,Tr,LDA
"Qatar and Shell in $6bn gas deal

Shell has signed a $6bn (£3.12bn) deal with the Middle Eastern sheikhdom of Qatar to supply liquid natural gas (LNG) to North America and Europe.

",24.84,0.13896206415062012,112,0.2778495980377604,0.11637664072682778,0.7771143289470377
"The UK-Dutch group will own 30% of the project, with Qatar's state oil firm owning the rest.",8.280000000000001,0.1196851876131289,47,0.021768551044269786,0.11913430577552214,0.751185873047014
"The agreement is the latest in a string of deals reached by Qatar, which is trying to make itself a regional leader in natural gas.",11.040000000000001,0.09980492731911612,61,0.28777076654702505,0.12025282789893273,0.7522899358860752
US oil giant ExxonMobil signed up for a $12.8bn deal earlier on Sunday.,7.36,0.11434101772481484,42,0.06312337154409038,0.12177386728753392,0.7433688484774272
"France's Total is expected to join the ExxonMobil scheme, dubbed Qatargas-2, on Monday, taking 5 million tonnes of LNG a year.",9.200000000000001,0.0997401166519148,80,-0.20980159612215277,0.12312955048476595,0.758701851690021
ExxonMobil will be taking some 15 million tonnes each year for 25 years from the end of 2007 under the deal.,14.72,0.13942976832726464,49,-0.169655087795322,0.12049478016227727,0.7488545251784973
"Shell's agreement, under the name Qatargas-4, foresees the building of new facilities to handle 1.4 billion cubic feet of gas, and 7.8 million tonnes of LNG each year from 2011 onwards.
",16.560000000000002,0.16803691821314057,103,-0.015417051298120365,0.11883802766414013,0.7689434675736126
