Sent,Tm,Lex,Luhn,Lsa,Tr,LDA
"No election TV debate, says Blair

Tony Blair has said he will not take part in a TV debate with his political rivals ahead of the next election.

",23.0,0.1414618034690294,69,-0.05535270333501996,0.12343181351363151,0.7574792563341515
"""We answer this every election campaign and, for the reasons I have given before, the answer is no,"" he said at his monthly news conference.",12.88,0.09355547885807881,55,-0.24677945178131225,0.11878901147128874,0.73951454273617
In October Tory leader Michael Howard said Mr Blair would be running scared if he refused calls to go head-to-head.,3.68,0.12103161993785262,68,0.25252359044567313,0.11699329715465696,0.7567904766889789
"In recent years the leader of the opposition has always called for a debate, although it has never happened.",9.200000000000001,0.12021475967360423,42,0.19787337284137008,0.12273659477632871,0.721226184530987
"Before the 2001 election, plans for a debate between Mr Blair, William Hague and Charles Kennedy collapsed.",11.040000000000001,0.13983837392863302,63,0.007710620259439426,0.11770925545385502,0.7534308575122228
In 1997 a debate between Mr Blair and John Major was also cancelled when a format could not be agreed.,7.36,0.1086850032397141,43,0.10106071462816232,0.12168780555752283,0.7434851362571354
"Televised debates have become the high point of the US presidential election campaigns.
",7.36,0.15521296089308784,51,-0.21113915895687665,0.11865222207271622,0.7248023939345503
