Sent,Tm,Lex,Luhn,Lsa,Tr,LDA
"Spurs to sign Iceland U21 star

Tottenham are primed to snap up Iceland Under-21 international Emil Hallfredsson after he impressed on trial at White Hart Lane.

",5.5200000000000005,0.1257272429241403,109,0.28025302418005166,0.13491340136544056,0.7713962067615551
"The 20-year-old midfielder, who plays for FH Hafnarfjordur, also starred in the Uefa Cup match against Scottish side Dunfermline earlier this season.",3.68,0.12507803996207204,90,0.2982409360255587,0.13614762328134805,0.7663913510162238
"Spurs have agreed a fee for the player, who has yet to agree personal terms.",5.5200000000000005,0.12452924821529197,35,-0.049902139450668306,0.13112788081148027,0.7321675585307185
"""He had offers from two other clubs but he decided to come to Tottenham,"" said Spurs sporting director Frank Arnesen.",1.84,0.1276905094499463,56,0.031642977405820144,0.1345053526719939,0.7450099946105215
"""He is a left-sided player, a position we have been looking at and he showed so much talent in his time here that we decided to take him.",5.5200000000000005,0.1267314255189717,45,-0.16510549755932843,0.14228167612244516,0.7321960831689034
"""It's down the road of bringing in talent, good prospects and giving them a place at Tottenham where they can improve.",5.5200000000000005,0.12452924821529195,52,-0.04990213945066754,0.14053594186120932,0.739178562248207
"""
",0.0,0.1257142857142857,0,0.0,0.020488123886082756,0.26666666666666666
