Sent,Tm,Lex,Luhn,Lsa,Tr,LDA
"BBC denies Blackadder TV comeback

The BBC has said there are no plans in the pipeline for a new series of hit comedy Blackadder, which ended in 1989.

",9.200000000000001,0.15786305000242015,74,-0.027781458892390892,0.0988034159224165,0.7631164181144778
"Tony Robinson, who played the servant Baldrick, told ITV1's This Morning the show's star, Rowan Atkinson, was ""more keen than he has been in the past"".",6.44,0.09542299828143809,76,0.2204386102145328,0.09334402498001222,0.7613367169625329
"Robinson added he would ""love"" to do another series, each of which was set in a different era, ranging from the 15th century to World War I.",8.280000000000001,0.09413046305724837,51,0.09832669584513595,0.09568788185458214,0.7545683262064414
"But the BBC said on Thursday there were no plans for a comeback.

",1.84,0.07290509593263672,23,-0.07722732030910527,0.09523462059945674,0.6860223511402406
In the final series all the main characters were killed off charging towards German lines after being ordered out of their trench.,7.36,0.093135640370051,55,0.029299400356528553,0.09494102620040815,0.7509083107074352
The poignant finale was later voted the best farewell episode of a TV series.,7.36,0.07953128003130298,41,0.022850693022939485,0.09133982522394868,0.732461994770155
"A host of other UK actors, including Hugh Laurie, Stephen Fry and Miranda Richardson, also appeared in the show.",3.68,0.09467925900225632,65,0.1966875575405676,0.08919615180135738,0.7552215177920387
Blackadder returned for a one-off special filmed to celebrate the arrival of the millennium in 1999.,5.5200000000000005,0.10242978040723713,64,0.17382784864445883,0.09975769186798306,0.7395873595874392
"It was shown at the Millennium Dome in Greenwich before being screened on BSkyB.
",0.0,0.08990243291540914,38,0.2966649673406228,0.08169536154983521,0.709338536256082
