Sent,Tm,Lex,Luhn,Lsa,Tr,LDA
"Tottenham bid &#163;8m for Forest duo

Nottingham Forest have confirmed they have received an £8m bid from Tottenham for Andy Reid and Michael Dawson.

",11.040000000000001,0.1298191965420888,92,0.2899449787345299,0.1394285972177247,0.7677654597770216
Reid rejected a move to Southampton after Forest accepted a cash-plus-players offer while Spurs had made previous bids for the 22-year-old.,6.44,0.23818173583304178,88,-0.13650686244643984,0.14548632608573314,0.7647177616468455
Spurs had also made an undisclosed offer for 21-year-old defender Dawson.,5.5200000000000005,0.10666065057761287,49,-0.16684833702053745,0.1426429265003759,0.744584779253826
"Forest chief executive Mark Arthur said: ""We've received an £8m bid from Spurs for the two players and we're considering the offer.""",10.120000000000001,0.17740766398685362,58,0.2142585841465809,0.1430740247079328,0.7537443310829884
"Southampton's offer for Republic of Ireland international Reid comprised £3m-plus and two players - Brett Ormerod and Darren Kenton.

",11.040000000000001,0.09805506145525039,94,-0.17109354922434553,0.13572869179792277,0.763261729094021
"Spurs had seen previous bids of £3m, £4m and £5m for Reid rejected by the Championship club.
",2.7600000000000002,0.12987569160515258,50,-0.035020179060033685,0.13363943369031045,0.7503823668203315
