Sent,Tm,Lex,Luhn,Lsa,Tr,LDA
"Actress Roberts takes spider role

Actress Julia Roberts will play the part of a spider in a new film version of children's classic Charlotte's Web.

",17.48,0.11232027551863089,100,0.181202710499611,0.10006027746481971,0.7653485683301592
"She will voice Charlotte, who teams up with a girl to save their friend Wilbur the pig, in the story by EB White.",11.040000000000001,0.13127514587194766,53,-0.19015597668877238,0.09546172413433346,0.7539818096929172
"The film - a mix of live action and animation - will be Roberts' first project since the birth of her twins, Hazel and Phinnaeus, two months ago.",20.240000000000002,0.14567622907924546,71,0.25489181851372683,0.10151029946419603,0.7607176244712736
"Oprah Winfrey will voice a goose, John Cleese will voice a sheep and Steve Buscemi a rat in the 2006 film.

",17.48,0.0938265342937672,65,-0.07611370276146322,0.09076891878983923,0.761253693668899
"Ten-year-old Dakota Fanning will play Fern, the girl at the centre of the story, in the film to be directed by 13 Going on 30 film-maker Gary Winick.",14.72,0.07709948166382889,82,0.056187553810125086,0.09789501814401082,0.7695369071769506
"Filming is due to begin in Melbourne, Australia, later this month.",3.68,0.07581073774547299,35,0.14464672097523215,0.08937801481003835,0.7092686807183356
Charlotte's Web has sold 45 million copies since it was published in 1952.,2.7600000000000002,0.07936328107691805,41,0.05988275459482277,0.08186615464386723,0.7404617834669927
An animated version was made in 1973 but this will be the first live action film.,12.88,0.0765066344988971,36,0.22899825998274886,0.0973093069218537,0.731150237884402
"The actor who will voice Wilbur the pig has yet to be revealed.
",6.44,0.08812168025129179,25,-0.20580810733936217,0.08575028562704146,0.7050677624529954
