Sent,Tm,Lex,Luhn,Lsa,Tr,LDA
"Capriati to miss Melbourne

Jennifer Capriati has become the third leading lady to withdraw from the Australian Open because of injury.

",5.5200000000000005,0.191476704154006,76,-0.05649305800245414,0.13663317665834346,0.7539066381476714
"The organisers of the first grand slam of 2005, which begins on 17 January, said the American has a problem with her right shoulder.",6.44,0.14575165180447594,59,0.29333083155275813,0.13808872799334643,0.7511037566060282
"It comes as a blow to the women's draw as last year's champion, Justin Henin-Hardenne, and runner-up, Kim Clijsters, will also be absent.",7.36,0.13950326815500536,71,0.09565619084479059,0.1385205283794448,0.7584713169705425
Capriati is a two-time champion in Melbourne with wins in 2001 and 2002.,4.6000000000000005,0.1328144310074137,44,0.029660288745860713,0.14491370029551723,0.73226358305414
She is believed to have picked up the injury at the Advanta Championships at Philadelphia in November and had to pull out of an exhibition match with Wimbledon champion Maria Sharapova on 17 December.,11.040000000000001,0.14088387422166274,117,0.3078128617797755,0.14137630700419454,0.7677587519710644
"Capriati also decided against competing in the Australian Open warm-up event, the Sydney International.
",0.92,0.12957007065743617,66,-0.10485877126550416,0.1404675596691533,0.7436688463018255
