Sent,Tm,Lex,Luhn,Lsa,Tr,LDA
"Poppins musical gets flying start

The stage adaptation of children's film Mary Poppins has had its opening night in London's West End.

",11.040000000000001,0.10418170421243973,80,-0.05229463372034669,0.10116473208673703,0.7658544080947826
"Sir Cameron Mackintosh's lavish production, which has cost £9m to bring to the stage, was given a 10-minute standing ovation.",7.36,0.0956127754328153,78,0.2124633897070532,0.09480396395840092,0.7609295008520583
Lead actress Laura Michelle Kelly soared over the heads of the audience holding the nanny's trademark umbrella.,4.6000000000000005,0.09687840764604709,72,0.09301930509975832,0.09358585480414142,0.7584830905703329
Technical hitches had prevented Mary Poppins' flight into the auditorium during preview performances.,2.7600000000000002,0.09465932839606075,65,-0.1600135483952001,0.08699987741408917,0.7436060705746462
"A number of celebrities turned out for the musical's premiere, including actress Barbara Windsor, comic Graham Norton and Sir Richard Attenborough.

",7.36,0.0935296809825752,101,0.2415174636980538,0.09583933292184676,0.7656915579130913
"The show's director Richard Eyre issued a warning earlier in the week that the show was unsuitable for children under seven, while under-threes are barred.",9.200000000000001,0.09696780154003776,77,0.08031180410073334,0.09789959247979495,0.7512157642721764
"Mary Poppins was originally created by author Pamela Travers, who is said to have cried when she saw Disney's 1964 film starring Julie Andrews.",5.5200000000000005,0.1033332983955519,78,-0.14305518639296,0.09230387240648914,0.7611492955368305
Travers had intended the story to be a lot darker than the perennial family favourite.,5.5200000000000005,0.0934064239825703,50,-0.07105521129913682,0.08194778645099925,0.739902689015297
"Theatre impresario Sir Cameron Mackintosh has said he hopes the musical is a blend of the sweet-natured film and the original book.
",9.200000000000001,0.10143057941190192,82,0.22289883037506347,0.09545498747750147,0.7602043185088693
