Sent,Tm,Lex,Luhn,Lsa,Tr,LDA
"Quiksilver moves for Rossignol

Shares of Skis Rossignol, the world's largest ski-maker, have jumped as much as 15% on speculation that it will be bought by US surfwear firm Quiksilver.

",4.6000000000000005,0.10680311406700678,101,-0.13379632181204315,0.11554843824496651,0.7673203292530834
"The owners of Rossignol, the Boix-Vives family, are said to be considering an offer from Quiksilver.",2.7600000000000002,0.14866581374722523,44,-0.1333310809219625,0.0956626899141877,0.7316562484848634
"Analysts believe other sporting goods companies may now take a closer look at Rossignol, prompting an auction and pushing the sale price higher.",4.6000000000000005,0.11608654731059344,70,0.2905951522415541,0.1143543969487265,0.7570975116208379
"Nike and K2 have previously been mentioned as possible suitors.

",0.92,0.10544898934172472,29,-0.007261886985992663,0.08197820974075935,0.7096752218250556
"Rossignol shares touched 17.70 euros, before falling back to trade 7.8% higher at 16.60 euros.",1.84,0.09819189507980551,54,0.0504717356158661,0.10028934218871349,0.7577297052742155
"European sporting goods companies have seen foreign revenues squeezed by a slump in the value of the US dollar, making a takeover more attractive, analysts said.",5.5200000000000005,0.10378459212721726,88,0.31438239386913414,0.10818500407795568,0.7592392424307551
"Companies such as Quiksilver would be able to cut costs by selling Rossignol skis through their shops, they added.",0.92,0.10722137672103636,47,-0.04854408210818631,0.11058437657744237,0.7422999569763581
"The Boix-Vives family is thought to have spent the past couple of years sounding out possible suitors for Rossignol, which also makes golf equipment, snowboards and sports clothing.
",6.44,0.09379767160539071,98,-0.013432049818389875,0.11339754230724826,0.7694142199861881
