Sent,Tm,Lex,Luhn,Lsa,Tr,LDA
"Europe asks Asia for euro help

European leaders say Asian states must let their currencies rise against the US dollar to ease pressure on the euro.

",21.16,0.18568624813796958,77,-0.07628855657481144,0.10222897388597926,0.7626485868970421
The European single currency has shot up to successive all-time highs against the dollar over the past few months.,11.040000000000001,0.09266485394344309,64,0.24670764008972737,0.0979305866575815,0.7503510561154472
"Tacit approval from the White House for the weaker greenback, which could help counteract huge deficits, has helped trigger the move.",6.44,0.09777777777777777,72,-4.500984614969821e-16,0.09398115193141249,0.7551732887810113
"But now Europe says the euro has had enough, and Asia must now share some of the burden.

",6.44,0.07424952961931962,25,-0.180746401349989,0.09521881861695092,0.6984202148158962
"China is seen as the main culprit, with exports soaring up 35% in 2004 partly on the back of a currency pegged to the dollar.",13.8,0.08853205829168441,59,0.20366545981486028,0.09847586959037366,0.7535837084755628
"""Asia should engage in greater currency flexibility,"" said French finance minister Herve Gaymard, after a meeting with his German counterpart Hans Eichel.",9.200000000000001,0.08842506422782605,101,-0.026629057021656397,0.08167101469994473,0.766195025437819
"Markets responded by pushing the euro lower, in the expectation that the rhetoric - and the pressure - is unlikely to ease ahead of a meeting of the G7 industrialised countries next week.",14.72,0.06927615489073116,90,-0.14303460362154702,0.09841900274599831,0.7656148057484826
"Early on Tuesday morning, the dollar had edged higher to 1.3040 euros.",5.5200000000000005,0.09348174221187587,42,0.1472667554388258,0.09777043198551628,0.7369613406739371
"The yen, meanwhile, had strengthened to 102.975 against the dollar by 0730 GMT.
",6.44,0.08990657089937243,32,0.18604484441684485,0.07430414988624279,0.7314496855656976
