Sent,Tm,Lex,Luhn,Lsa,Tr,LDA
"Applegate's Charity show closes

US musical Sweet Charity has cancelled its run on Broadway after poor ticket sales for its early shows.

",10.120000000000001,0.21073535837364457,84,-0.11860590993837657,0.10074387908144214,0.7597083837609149
Star Christina Applegate had to pull out of pre-Broadway performances earlier this month with a broken foot.,3.68,0.0753750609356494,68,0.12171293026694772,0.0986603475850705,0.7546982732748226
"Producer Barry Weissler said he was ""deeply proud"" of the show, but said the decision to close it was ""painful but fiscally responsible"".",11.96,0.06632987103759078,75,-0.05306522776244822,0.0863812134774688,0.7512357946744048
"Applegate, who starred in TV comedy Married With Children, had been hoping to make her Broadway debut in the show.",8.280000000000001,0.12417301816761085,58,0.08047997774920894,0.09940388326577784,0.7505845230473405
"The 33-year-old injured herself while performing in Chicago, and had been hoping to recover in time for its official New York opening on 21 April.",5.5200000000000005,0.09356503225772729,74,0.24605213893712943,0.0974340041954228,0.7638517754612275
She had received mixed reviews for performances in Minneapolis and Chicago.,1.84,0.09690198517805727,48,0.15251177971480037,0.08896360311119518,0.7233158448872956
Previews of the $7.5m (£4m) show were due to begin on 4 April.,7.36,0.07159600582630071,31,0.08602718148445174,0.08625927432790212,0.69079904610698
"Sweet Charity tells the story of Charity Hope Valentine, a dancer who always falls in love with the wrong man.",4.6000000000000005,0.0650797946057243,63,-0.20412868150335442,0.0945469810543541,0.7576166431226362
"It was first performed on Broadway in 1966 with Gwen Verdon in the title role, while Shirley MacLaine starred in the 1969 film version.
",5.5200000000000005,0.07624387361769491,72,0.21970627038320803,0.08760681390136651,0.7613798535656435
