Sent,Tm,Lex,Luhn,Lsa,Tr,LDA
"U2 to play at Grammy awards show

Irish rock band U2 are to play live at the Grammy Awards presentation in the US next month, organisers have said.

",14.72,0.17089866813711413,81,0.10609344783452133,0.09843104087104412,0.7654713570939506
"Other acts to play include soul singer Alicia Keys, country singer Tim McGraw and punk band Green Day at the event on 13 February in Los Angeles.",18.400000000000002,0.09921681531167506,96,0.2571046631110253,0.09937268188283893,0.774213229984651
"U2 are nominated twice for their recent single Vertigo, including a nomination for best rock song.",5.5200000000000005,0.07068374325083751,54,0.16913229785931294,0.09486065773095095,0.7418816410082387
"This year the Grammys have been dominated by rap star Kanye West, who is in contention for 10 awards.",8.280000000000001,0.0984370471830698,52,-0.22544560963454957,0.096673079738187,0.7508326663873426
US comedian Ellen Degeneres and singer Christine Milian will present awards at the event.,6.44,0.0810473310565781,59,0.18203646737716203,0.0853870342614472,0.7432440736545396
Last week Grammy producers announced the show will be hosted by rap star and Chicago actress Queen Latifah.,7.36,0.08266950077789469,67,-0.09346323674520664,0.09711604694664715,0.7541934900314536
It will be held at the Staples Center.,0.0,0.09777777777777777,16,2.9696252673237433e-16,0.07714489152455198,0.6650535045562886
"U2 had number one success in the album charts on both sides of the Atlantic in November when their latest studio album, How to Dismantle an Atomic Bomb, topped the US and UK charts.",8.280000000000001,0.08774351441650675,89,-0.012627203461823621,0.0931448543613991,0.7661971942107471
"The band, who are also dominated for best international album at this year's Brit Awards, are to undertake a major world tour this year, their first for four years.
",16.560000000000002,0.09152560208854621,75,-0.17307466645808706,0.09786971268293332,0.7596871277981654
