Sent,Tm,Lex,Luhn,Lsa,Tr,LDA
"Hewitt falls to Dent

Lleyton Hewitt suffered a shock defeat to Taylor Dent in the quarter-finals of the Australian Hardcourt Championships in Adelaide on Friday.

",1.84,0.07333333333333333,112,-0.07169895241669091,0.105786054875149,0.7700647487559724
The top seed was a strong favourite for the title but went down 7-6 (7-4) 6-3 to the American.,8.280000000000001,0.07659259259259259,44,-0.12625667424037615,0.11014487942396489,0.7087129274663381
Dent will face Juan Ignacio Chela next after the fourth seed was too strong for Jurgen Melzer.,7.36,0.12548148148148147,52,-0.14499081992446577,0.0904077009029497,0.75063765828665
Olivier Rochus beat third seed Nicolas Kiefer 6-7 (4-7) 7-6 (8-6) 7-5 and will take on second seed Joachim Johansson.,9.200000000000001,0.15721446659775007,66,-0.005211344904601974,0.10756237358821322,0.7454606049346951
The Swede reached the last four by beating compatriot Thomas Enqvist 6-3 4-6 6-1.,0.92,0.06844444444444445,46,-0.00245483011452532,0.11001291819022062,0.7230704929500894
"""I felt like I was striking the ball much better,"" said Johansson.",0.92,0.10519937812419478,23,0.2757622513326668,0.09718208702134695,0.6903136337289131
"""I felt like I had a lot of break chances, I didn't take care of them all, but I broke him four times and he only broke me once.",4.6000000000000005,0.09059612947111258,36,0.20299719738429337,0.10114463832069154,0.7397801762061359
"""I felt that was the key to get up in the set early.",2.7600000000000002,0.08536039617731293,15,0.2758195040513479,0.10229916971353505,0.6910173336757196
"""
",0.0,0.09777777777777777,0,0.0,0.015460177963928892,0.26666666666666666
