Sent,Tm,Lex,Luhn,Lsa,Tr,LDA
"Fockers keeps US box office lead

Film comedy Meet The Fockers, sequel to Meet The Parents, has topped the US box office for a third week.

",15.64,0.08276567667337363,71,-0.10687723027426123,0.08547555750865544,0.7637671010709255
"The movie, which stars Ben Stiller, Robert De Niro, Dustin Hoffman and Barbra Streisand, took $28.5m (£15.2m), making a total of 204.3m (£109m).",3.68,0.09424936769853984,87,0.12426029719426805,0.0937609322967094,0.7680937349330392
Michael Keaton thriller White Noise was second with $24m (£12.8m) despite negative reviews.,1.84,0.09777777777777777,53,-5.480338405305929e-16,0.09473930302845505,0.7462048143071645
Martin Scorsese's Howard Hughes biopic The Aviator came third with $7.6m (£4m) and a total of $42.9m (£22.8m).,3.68,0.09524336719869382,59,0.06135585009319253,0.09237856686640512,0.7509592243942804
"Children's adventure Lemony Snicket's A Series of Unfortunate Events, starring Jim Carrey and Meryl Streep, fell two places to fourth position with $7.4m (£3.9m).

",2.7600000000000002,0.10153484031574346,106,0.3073893311222424,0.09360351744528218,0.7697353368389783
"It is also the ninth Jim Carrey film to hit the $100m (£53.2m) mark, according to Exhibitor Relations.",4.6000000000000005,0.09548024634623092,51,0.19288660490403778,0.09439057627018696,0.750829361519106
"And Fat Albert, a live-action adaptation of Bill Cosby's TV cartoon, fell one place to number five, with takings over the three days beginning on Friday of $5m (£2.6m).",5.5200000000000005,0.08212132618995666,90,0.20978848265540204,0.09479709683091826,0.7678795269841426
"Ocean's Twelve took sixth place in the US chart with $5.4m (£2.8m), but it led the non-US chart at the weekend, according to Hollywood Reporter, with an estimated $17.7m (£9.4m) and total takings of $137m (£73m).",12.88,0.11920050291343036,107,0.10945679331737837,0.09575528527618049,0.7710832918680973
"The Incredibles took $300m (£160m) outside the US, while Meet the Fockers topped box office charts in Australia and Mexico with non-US takings of $19.35m (£10.2m).
",5.5200000000000005,0.11162689488625353,84,-0.0797274110116181,0.09509916447720705,0.7627774899721218
