Sent,Tm,Lex,Luhn,Lsa,Tr,LDA
"Buyers snap up Jet Airways' shares

Investors have snapped up shares in Jet Airways, India's biggest airline, following the launch of its much anticipated initial public offer (IPO).

",11.040000000000001,0.19187861390380712,102,-0.09132523945043282,0.09508637609630721,0.7723539047203128
"The IPO for 17.3 million shares was fully sold within 10 minutes of opening, on Friday.",2.7600000000000002,0.06594228113761075,45,-0.10402478345402982,0.09146354957201316,0.7490119758189666
Analysts expect Jet to raise at least 16.4bn rupees ($375m; £198m) from the offering.,3.68,0.070242796527139,45,-0.0009981566886436467,0.08874542263501727,0.7507298246037322
"Interest in Jet's IPO has been fuelled by hopes for robust growth in India's air travel market.

",5.5200000000000005,0.07219233018133334,54,-0.20325256982976966,0.09429430709772266,0.7494278628527447
"The share offer, representing about 20% of Jet's equity, was oversubscribed, news agency Reuters reported.",11.96,0.07458501301436495,65,-0.11143956495667985,0.09296115706715176,0.7547154355734922
"Jet, which was founded by London-based travel agent Naresh Goyal, plans to use the cash to buy new planes and cut its debt.",6.44,0.08835677529546997,64,-0.1644580594548798,0.09461902934285553,0.7601844289063908
"The company has grown rapidly since it launched operations in 1993, overtaking state-owned flag carrier Indian Airlines.",7.36,0.07410895435513982,78,0.27272672178182594,0.09420936013123611,0.7581261240869195
"However, it faces stiff competition from rivals and low-cost carriers.",1.84,0.0929145460612542,40,0.17152691253742516,0.09025039270649583,0.7324502957687051
"Jet's IPO is the first in a series of expected share offers from Indian companies this year, as they move to raise funds to help them do business in a rapidly-growing economy.
",11.040000000000001,0.1497786895238808,85,0.12417885022598496,0.09837040535120042,0.7658889647700745
