Sent,Tm,Lex,Luhn,Lsa,Tr,LDA
"Beckham relief as Real go through

David Beckham expressed his relief at Real Madrid's passage to the Champions League knockout phase.

",8.280000000000001,0.125303295916934,87,-0.14795867349371564,0.1183437141577748,0.763427549156151
"After Real's 3-0 win at Roma, the England skipper admitted another season of under-achievement would not be tolerated at the Bernabeu stadium.",8.280000000000001,0.11116124835231045,79,0.2960282207244599,0.1198855765144214,0.7545609830397418
"Beckham said: ""It's expected of Madrid to get through, but it's a relief for the club and players to have won.",4.6000000000000005,0.09584480952871051,38,-0.10973958560157096,0.12150846657672969,0.7301083729070941
"""We lost momentum last season but we cannot afford to to go another season without winning anything.""",7.36,0.10683290973898096,33,0.31373974739376626,0.11189230898497463,0.7225853802517318
Real's finish as runners-up in their Champions League group means they cannot face his old club Manchester United in the next round.,6.44,0.12440687707494762,72,-0.06858367127349499,0.12208662137961944,0.7569493730250939
"But Real could be drawn against other Premiership hopefuls, Arsenal or Chelsea, who won their respective groups.",0.92,0.09645085938811648,58,0.09094581476605586,0.11657920879781127,0.7453871034335606
"""It's going to be great whoever we play, even if we don't get either of the two English teams.",1.84,0.11,20,-1.2349843370174084e-15,0.11208160025512495,0.6919819706127428
"""
",0.0,0.11,0,0.0,0.01762250333354384,0.26666666666666666
