Sent,Tm,Lex,Luhn,Lsa,Tr,LDA
"Isinbayeva heads for Birmingham

Olympic pole vault champion Yelena Isinbayeva has confirmed she will take part in the 2005 Norwich Union Grand Prix in Birmingham on 18 February.

",10.120000000000001,0.11844111995351526,121,-0.073161880378862,0.11199692761691035,0.77126708724006
"""Everybody knows how much I enjoy competing in Britain.",0.92,0.10789913212489873,19,0.30634170690714607,0.091924482789743,0.6636630144267
"I always seem to break records there,"" said Isinbayeva.",0.92,0.14581519305238683,21,0.007735549871146811,0.0974681696603301,0.6132815173627701
"""As Olympic champion there will be more attention on me this year, but hopefully I can respond with another record in Birmingham.""",8.280000000000001,0.0875108272822411,51,-0.07433581347341289,0.11291500101048015,0.7308242580094318
Kelly Holmes and Carolina Kluft are among other Athens winners competing.,0.0,0.11064426373495177,43,0.3323989324983332,0.09741400641678402,0.7317506960129645
"The organisers are hoping that Isinbayeva's main rival, fellow Russian Svetlana Feofanova, will also take part in the event.",5.5200000000000005,0.10605037727039153,72,-0.020250222052958605,0.1022415894950566,0.7512738421586193
The pair had a thrilling battle in Athens which ended with Isinbayeva finally jumping a world record of 4.91m to claim the gold medal.,11.040000000000001,0.09104042591330783,75,0.11548124616657733,0.1139041100437741,0.7636854668876883
"Isinbayeva, 22, has set 10 world records in the pole vault, three of which have come on British soil.
",9.200000000000001,0.11259866066830698,48,0.006835754285496364,0.11213571296692161,0.7491964146371078
