Sent,Tm,Lex,Luhn,Lsa,Tr,LDA
"Cudicini misses Carling Cup final

Chelsea goalkeeper Carlo Cudicini will miss Sunday's Carling Cup final after the club dropped their appeal against his red card against Newcastle.

",16.560000000000002,0.138713639956383,112,-0.03626820167840371,0.12192236054457191,0.7740289943586907
The Italian was sent off for bringing down Shola Ameobi in the final minute of Sunday's match.,9.200000000000001,0.12296118114151512,48,0.190036542658438,0.11619420040426917,0.7380594994695491
Blues boss Jose Mourinho had promised to pick Cudicini for the final instead of first-choice keeper Petr Cech.,7.36,0.10966662761122441,70,-0.1772698543298836,0.12108996002123557,0.7550004576172946
"The 31-year-old will now serve a one-match suspension commencing with immediate effect.

",2.7600000000000002,0.11267829403073953,49,0.2697225499330211,0.11149219572940296,0.7397011188144127
"Cudicini kept a club record 24 clean sheets last season for Chelsea, but Petr Cech has established himself as first choice for Mourinho since moving to Stamford Bridge in summer 2004.",11.040000000000001,0.1101293158785997,102,-0.17309206610191288,0.1237491248776414,0.7691477610217069
"The 22-year-old Czech Republic international has set a new Premiership record of 961 consecutive minutes without conceding a goal, a mark which is still running.",8.280000000000001,0.10686467007296757,95,0.23867921139168438,0.1217965779059443,0.7675365286694462
"But Mourinho has used Cudicini regularly in the Carling Cup, and the Italian has only let in one goal in his four appearances during Chelsea's run to the final.
",10.120000000000001,0.1789862713085707,69,0.02315546847755282,0.12375558051693458,0.7530706825508725
