Sent,Tm,Lex,Luhn,Lsa,Tr,LDA
"Ray Charles studio becomes museum

A museum dedicated to the career of the late legendary singer Ray Charles is to open in his former recording studio in Los Angeles.

",22.080000000000002,0.17461334655227556,100,0.06741239641806986,0.11118325509711974,0.7695231243131566
"His longtime publicist Jerry Digney said the museum would house ""archive materials from recordings, to awards, to ephemera, to wardrobe"".",12.88,0.08356945497022444,86,0.14343891768608466,0.09581469745185507,0.7573934774952484
A tour bus used by Charles and his entourage over the years will also be on permanent display.,4.6000000000000005,0.09146628999356402,42,-0.13312673406039174,0.09960979194625995,0.7314503272309988
"It is hoped the museum will be ready for visitors in late 2007.

",8.280000000000001,0.08805794590863339,30,0.24720826116753497,0.11053178697804651,0.7231906460924322
"Mr Digney said the recording studio and offices had been used by Charles for many years, and was where he recorded much of his last album, Genius Loves Company.",6.44,0.10210033016092504,68,-0.1780210443831723,0.10954246733829912,0.7567062439974541
It is hoped the museum will also house an education centre.,8.280000000000001,0.135608023126812,30,0.26736262811004236,0.10167273026944222,0.7085153020209759
The building had been declared a historic landmark by the city of Los Angeles just before Charles' death in June 2004 at the age of 73.,8.280000000000001,0.07780579585568298,70,-0.03493119762168959,0.10568955581052622,0.7607565150549788
"Following his death, Charles won eight Grammy Awards, including album of the year for Genius Loves Company, a collection of duets.
",7.36,0.12677881343188258,72,-0.23249385475265946,0.10595571510845106,0.7611786668119777
