Sent,Tm,Lex,Luhn,Lsa,Tr,LDA
"Johnny and Denise lose Passport

Johnny Vaughan and Denise Van Outen's Saturday night entertainment show Passport to Paradise will not return to screens, the BBC has said.

",7.36,0.15031784494800018,113,0.25885554905367814,0.10536228570451801,0.7696610227605285
The ex-Big Breakfast presenters were recruited to host the BBC One family variety show last July.,5.5200000000000005,0.10024924801342679,59,0.09007657009357119,0.10916750268476913,0.751036394314966
"""There are currently no plans for another series,"" a spokeswoman said.",3.68,0.09047138328889395,22,-0.1300956533543409,0.09904555214302826,0.6626009415703072
"She added the pair ""brought a real warmth to Saturday night, but in the end we felt we had done enough with the format of the show"".

",10.120000000000001,0.0992137658562835,52,0.21001732708818227,0.11116049574134661,0.7506389475955964
Passport to Paradise involved a combination of games and outside broadcasts with a high level of audience participation.,4.6000000000000005,0.09033075571928342,77,0.18275868696384728,0.10878431339699618,0.7512002834710529
The first instalment attracted more than 4.1 million viewers - but that had dropped to fewer than 2.7 million by the time it ended.,6.44,0.10646789463252568,55,0.06835886110463012,0.10055003109135273,0.7404568622448614
The BBC spokeswoman said Graham Norton's Strictly Dance Fever would be a priority for 2005.,3.68,0.15247772425269251,56,-0.17877455838508746,0.10422451819762385,0.7457123033762231
"""That's very much on the cards for next year, and we're concentrating at the moment on Strictly Come Dancing, which is doing phenomenally well,"" she said.
",3.68,0.09047138328889395,52,-0.16901081495241163,0.10170530104036515,0.732925623545289
