Sent,Tm,Lex,Luhn,Lsa,Tr,LDA
"Cole faces lengthy injury lay-off

Aston Villa's Carlton Cole could be out for six weeks with a knee injury.

",5.5200000000000005,0.13352312540119549,64,0.09823740585976215,0.12354591957738341,0.7571283125644449
"The striker, who is on a season-long loan from Chelsea, picked up the knock in an England Under-21 match against Holland earlier this month.",6.44,0.1169889849562582,75,0.18625760334058764,0.12279529979176138,0.7606032278948595
"""Carlton will be out of action for four to six weeks after a bad challenge,"" said Villa boss David O'Leary.",3.68,0.10934181501394832,49,0.08396666359966484,0.1185796763437393,0.7441353404032628
"""I won't be able to tell you whether he will need an operation until maybe next week.",4.6000000000000005,0.14464805900069885,13,-0.1691323721316481,0.10761838667048208,0.6153763038428258
"Whether he has an operation has got to be left to Chelsea.""",1.84,0.11451519096009097,21,-0.17238509246095107,0.11993856338493153,0.664506202243142
"Cole, who also struggled with an ankle problem earlier in the season, was unable to rest because O'Leary had a shortage of strikers.",8.280000000000001,0.166047063639242,66,0.30625475606985353,0.12315846883653236,0.7529718799759809
"The return to fitness of Darius Vassell after four months out with a broken ankle and the emergence of Luke Moore has alleviated some of the Villa's manager's problems in that department.
",6.44,0.09493576102856614,97,0.2032728693427516,0.12436368539516995,0.7657682808001418
