Sent,Tm,Lex,Luhn,Lsa,Tr,LDA
"Newcastle line up Babayaro

Newcastle manager Graeme Souness is closing in on signing Chelsea defender Celestine Babayaro when the transfer window reopens.

",6.44,0.11275461633994266,116,0.2251463610749985,0.10429688729623181,0.7682115072512399
"Souness is bidding to bolster his defence and, according to reports, contract negotiations are at an advanced stage with the player.",7.36,0.10943086419334266,72,-0.21458377768595072,0.12576482891160684,0.750459377913413
Babayaro has been in the Premiership since 1997 when he moved to Chelsea for £2.25m from Anderlecht.,0.92,0.10736948968298045,49,0.28924286961675516,0.11505705702269557,0.7326053635440744
But the 26-year-old has been surplus to requirements this season.,1.84,0.11,35,-5.109576981777521e-16,0.11846507325064114,0.7232480412727341
"Souness would not be drawn on specifics over individual players.

",0.92,0.1104450297837342,35,-0.20169168199858392,0.1157436678486832,0.7063620306471559
"But he said: ""All I can tell you is that the chairman has worked really hard in the last couple of months to try to do deals.",2.7600000000000002,0.11,31,3.257851949655982e-16,0.12429870914622401,0.7235172704975704
"""We have said from day one we want to strengthen, and that is what we are hoping to do in the coming weeks.",1.84,0.11,25,-5.374237937074927e-16,0.11875127319037386,0.7099091466584547
"""
",0.0,0.11,0,0.0,0.01762250333354384,0.26666666666666666
