Sent,Tm,Lex,Luhn,Lsa,Tr,LDA
"Ferguson hails Man Utd's resolve

Manchester United's Alex Ferguson has praised his players' gutsy performance in the 1-0 win at Aston Villa.

",4.6000000000000005,0.12631888294087265,98,-0.16773717517618117,0.10919265498041762,0.7677827465789577
"""That was our hardest away game of the season and it was a fantastic game of football, end-to-end with lots of good passing,"" said the Old Trafford boss.",8.280000000000001,0.09777777777777777,68,6.992096080044248e-16,0.11273731663882522,0.7611628742426495
"""We showed lots of character and guts and we weren't going to lose.",2.7600000000000002,0.09777777777777777,23,5.018546240047529e-16,0.09932711741293913,0.6916982664006421
"""I look at that fixture and think we've been there and won, while Arsenal and Chelsea have yet to come and Villa may have some players back when they do.""",2.7600000000000002,0.08272440933905491,39,-0.21814369121627034,0.10233846445294065,0.7198177670759114
"Ferguson also hailed senior stars Ryan Giggs and Roy Keane, who came off the bench for the injured John O'Shea.",1.84,0.08470771637995715,59,0.12382623768694079,0.0939932141284165,0.7569552416514953
"""Roy came on and brought a bit of composure to the midfield which we needed and which no other player has got.",6.44,0.10078658556805345,38,0.16309985040136862,0.11157262364838444,0.7301050709438747
"""Giggs was a tremendous threat and he brings tremendous penetration.",5.5200000000000005,0.09435129466095078,47,0.3053875257589661,0.0907888703681792,0.723224663953939
"""All we can do is maintain our form, play as we are and we'll get our rewards.",2.7600000000000002,0.09777777777777777,22,-9.434120151752268e-16,0.10458956040596822,0.6927746297346676
"""
",0.0,0.09777777777777777,0,0.0,0.015460177963928892,0.26666666666666666
