Sent,Tm,Lex,Luhn,Lsa,Tr,LDA
"Davies favours Gloucester future

Wales hooker Mefin Davies is likely to stay with English side Gloucester despite reported interest from the Neath-Swansea Ospreys.

",7.36,0.20979136261530187,103,-0.049555712482513455,0.09484095851830747,0.7652708422234382
"BBC Wales understands the Ospreys are interested in the 32-year-old, but that he would prefer to stay where he is.",3.68,0.08247622111428786,55,-0.20782312360807895,0.10299066854193835,0.7502013430088752
"Davies, one of the stars of Saturday's RBS Six Nations win over England, is only on a year contract at Kingsholm.",4.6000000000000005,0.08194107911236814,56,0.15522356804972298,0.10653905807171041,0.7496675044223952
But the hooker has proved his worth to the Zurich Premiership side and is likely to get a new deal next season.,6.44,0.06484295922128716,47,-0.06620272176454381,0.10332716972447674,0.7320416470710134
The summer demise of the Celtic Warriors region left Davies in the cold and forced him to take a semi-professional contract with Neath RFC.,6.44,0.09870601509095143,82,0.25908825495864124,0.10507519542758713,0.7637233217414892
"Although he got match time with the Ospreys at the request of the Wales management, he admitted before his move to Gloucester that he was angry with the way he was treated.",7.36,0.08658885774832999,66,-0.2023023295958252,0.10578805967967149,0.7488457437330847
"""The WRU didn't give me any help off the field, it was very disappointing,"" Davies said at the time.",5.5200000000000005,0.07190000882792426,33,0.12534222884984222,0.10015570565319944,0.7013570336271866
"""It was a hard time throughout the summer, then deciding whether to accept an offer from Stade Francais which would have ended my Wales career.",8.280000000000001,0.08597571849177149,57,0.12204652818339477,0.10582300641917995,0.7545802168087482
"""
",0.0,0.09777777777777777,0,0.0,0.015460177963928892,0.26666666666666666
