Sent,Tm,Lex,Luhn,Lsa,Tr,LDA
"Brookside creator's Channel 4 bid

The creator of defunct TV soap Brookside has written to the culture minister to offer to buy Channel 4.

",17.48,0.18600813990259155,92,-0.15844529122778545,0.11049380611486577,0.7657165563169448
"Phil Redmond, now chairman of Mersey TV, told Tessa Jowell he would run it with its current remit intact for the next 10 years.",5.5200000000000005,0.10112551812951581,69,0.1724946966340346,0.10613358857519105,0.7634871107990693
But media watchdog Ofcom has said the the commercially funded public service broadcaster will not be privatised.,5.5200000000000005,0.10790897842607095,68,0.16014167545152236,0.10011047801302599,0.7461619453870973
"A spokesman for the Department for Culture, Media and Sport said there were no plans to sell the channel.

",6.44,0.09322117619239476,52,-0.12603372938324434,0.11050297452588818,0.7379425664146173
"He added that primary legislation would be required for the station to be sold off, which the government was not intending to introduce.",4.6000000000000005,0.10523099706918279,64,-0.09251854886829834,0.10284509059925805,0.74582412412872
Brookside was axed in 2003 after its ratings slumped from a peak of seven million to just 1.5 million.,5.5200000000000005,0.08218034957034705,47,-0.13754896971402447,0.09688122926720424,0.7399702189123872
"Redmond also brought teen soap Hollyoaks to Channel 4 and created Grange Hill, the school-based drama serial which was first broadcast on BBC One in 1978.",10.120000000000001,0.08896821127467433,90,0.06964277162303191,0.11046341850784008,0.7680460384929406
"He was awarded the CBE for services to drama earlier this year.
",3.68,0.11535662943522276,29,0.2987774304981868,0.10256941439672679,0.7169994039570158
