Sent,Tm,Lex,Luhn,Lsa,Tr,LDA
"Benitez 'to launch Morientes bid'

Liverpool may launch an £8m January bid for long-time target Fernando Morientes, according to reports.

",7.36,0.13048599466459163,89,-0.15870662971843474,0.11151219769848296,0.7659334386330804
"The Real Madrid striker has been linked with a move to Anfield since the summer and is currently behind Raul, Ronaldo and Michael Owen at the Bernabeu.",4.6000000000000005,0.09514404049570738,68,0.2724483467915405,0.1022948981017115,0.7539345522269834
Liverpool boss Rafael Benitez is keen to bolster his forward options with Djibril Cisse out until next season.,6.44,0.09820427750313133,68,-0.14162464829491467,0.10005921746128793,0.7548492918361601
"""If there is an attractive propostition it could be I would be keen to leave,"" admitted the 28-year-old Morientes.",5.5200000000000005,0.09460361198575344,55,-0.1815520189623493,0.10504260041026074,0.745983798692881
"He added: ""Unfortunately, I'm not in control of the situation.",1.84,0.11,19,-8.91025292368674e-16,0.09009541801975843,0.6658429248552432
"I'm under contract to Real and they will make any decisions.""",1.84,0.10209830968952034,24,0.23799702786656754,0.10992108589485237,0.6918777626275028
The fee could put Liverpool off a prospective deal but Real are keen to net the cash as they are reported to be preparing a massive summer bid for Inter Milan striker Adriano.,15.64,0.13946376566129587,98,0.0924547086096161,0.11447404611528145,0.7691555310604921
"The Reds are currently sixth in the Premiership, 15 points behind leaders Chelsea.
",1.84,0.11,39,6.852047789243954e-16,0.10660053629836462,0.7329349878045173
