Sent,Tm,Lex,Luhn,Lsa,Tr,LDA
"Koubek suspended after drugs test

Stefan Koubek says he has been banned for three months by the International Tennis Federation (ITF) after testing positive for a banned substance.

",6.44,0.19355230014959188,97,0.06504018155188554,0.13563629609057748,0.7672420825247278
The world number 60 failed a routine drugs test at this year's French Open but now plans to lodge an appeal.,10.120000000000001,0.10094029030615843,61,0.18086750201573867,0.14428329435305362,0.7610119508969719
Koubek believes an injection given to him by an Austrian doctor to treat a wrist injury is to blame for producing traces of the substance in his system.,8.280000000000001,0.10122050475664386,84,0.197058067021562,0.12496587799838282,0.7580359152145619
"""I have acted correctly,"" the 27-year-old Austrian said in a statement.",1.84,0.11782886774193883,40,0.274928937145762,0.1375957407276752,0.7318854924690211
"Koubek, who defeated Britain's Greg Rusedski in the decisive rubber of the Davis Cup in September, is now set to miss the start of the season.",6.44,0.10502996656875332,80,-0.1971536320203076,0.13347957532733656,0.7628292595587535
"He said, ""A three-month ban would mean that I not only will miss the Australian Open, but also the Davis Cup in Australia.",4.6000000000000005,0.135713784762628,49,-0.1564854833805319,0.14355109161689156,0.7378190439542786
"""
",0.0,0.1257142857142857,0,0.0,0.020488123886082756,0.26666666666666666
