Sent,Tm,Lex,Luhn,Lsa,Tr,LDA
"Actor Foxx sees Globe nominations

US actor Jamie Foxx has been given two nominations for Golden Globe awards, with Meryl Streep, Morgan Freeman and Cate Blanchett also up for prizes.

",2.7600000000000002,0.13809980799548277,110,0.05111865020463243,0.11326839634535664,0.7709759116689634
"The stars were shortlisted on Monday for supporting roles, with the main nominations still to come.",0.92,0.09256179690833981,44,0.20548146396649764,0.1061770362903344,0.7323255682804914
Foxx has starred in Collateral and Ray.,0.0,0.11412664152326808,21,0.2548072450841438,0.0936684637051901,0.6874406755044296
"Clive Owen, David Carradine and Natalie Portman are also up for awards.",0.92,0.10440369026680449,42,-0.1416951102848741,0.09329315628869785,0.7318007825239419
"The Golden Globes, Hollywood's second most prominent awards, are the first major nominations to be announced.",2.7600000000000002,0.1142474332310475,57,-0.1347992416004814,0.11194854152249116,0.7374416944921912
"Last year, The Lord Of the Rings: The Return Of the King was named best drama movie while Lost In Translation won best musical or comedy.",4.6000000000000005,0.10919724522426788,67,-0.06734935660692255,0.10922430642291904,0.7586037625461373
"Sean Penn, Charlize Theron, Tim Robbins and Renee Zellweger all won acting awards - mirroring the eventual Oscars outcome.",3.68,0.10446406622294854,86,-0.19890420394181305,0.11164844642846344,0.7654114637281468
"The Golden Globes ceremony will take place on 16 January, with the Oscars following on 27 February.
",3.68,0.10289931862784096,48,-0.17799732153899026,0.10077165299654733,0.7455110832710731
