Sent,Tm,Lex,Luhn,Lsa,Tr,LDA
"Blunkett hints at election call

Ex-Home Secretary David Blunkett has given fresh clues that the general election will be announced on Monday.

",10.120000000000001,0.22339212126042685,92,-0.1531353925731886,0.20901108476211916,0.7638653497069285
"He told BBC Radio Five Live: ""I'm out in my constituency getting ready for what we presume will be an announcement very shortly at the weekend.""",7.36,0.21362778206160735,66,0.2778885507639216,0.20706309666809772,0.7506296467289223
"He clarified that he meant he would be in his Sheffield seat this weekend, not that he expected an election call then.",7.36,0.22797111657436075,49,-0.12404120615626311,0.21192648684212426,0.7309144491490355
"Tony Blair is tipped to ask the Queen on Monday to dissolve Parliament ready for a 5 May poll.
",4.6000000000000005,0.21500898010360503,51,0.29203813839891046,0.21199933172765892,0.745785504865856
