Sent,Tm,Lex,Luhn,Lsa,Tr,LDA
"Jack Cunningham to stand down

Veteran Labour MP and former Cabinet minister Jack Cunningham has said he will stand down at the next election.

",7.36,0.09505271899352391,76,-0.03487463658523109,0.11323754365909675,0.7578634850383738
"One of the few Blair-era ministers to serve under Jim Callaghan, he was given the agriculture portfolio when Labour regained power in 1997.",6.44,0.12629699561538907,75,0.2616883773169462,0.11448378190016094,0.7572088146569989
"Mr Cunningham went on to become Tony Blair's ""cabinet enforcer"".",2.7600000000000002,0.11898182884264387,36,-0.10439358771687265,0.09873168922195279,0.7226130547915014
He has represented the constituency now known as Copeland since 1970.,1.84,0.11,33,-6.163472510145596e-17,0.07927638618049149,0.6928227586908927
"Mr Blair said he was a ""huge figure"" in Labour and a ""valued, personal friend"".

",3.68,0.11678784000380746,42,-0.03689032664053087,0.10975843227913548,0.7395532502255893
"During Labour's long period in opposition, Mr Cunningham held a number of shadow roles including foreign affairs, the environment and as trade spokesman.",8.280000000000001,0.11739091670764149,103,-0.12267714960000543,0.11520107437660788,0.768277576113413
As agriculture minister he caused controversy when he decided to ban beef on the bone in the wake of fears over BSE.,9.200000000000001,0.08924121976971466,63,0.309328856668241,0.09480367201653685,0.7542822825335753
"He quit the government in 1999 and in recent years has served as the chairman of the all-party committee on Lords reform and has been a loyal supporter of the government from the backbenches.
",11.040000000000001,0.10624848006727952,102,0.14133111718494118,0.1145074203660177,0.7662594764831325
