Sent,Tm,Lex,Luhn,Lsa,Tr,LDA
"Double win for Sea Inside

Spanish movie The Sea Inside has been named best picture and star Javier Bardem best actor at the Bangkok International Film Festival.

",5.5200000000000005,0.12048248041647273,103,-0.08467392813300971,0.11157794218907092,0.7693955379945221
"Based on the true story of a paralysed man's battle to end his life, The Sea Inside was best foreign language film at the 2005 Golden Globe Awards.",11.040000000000001,0.0934761034260775,85,-0.05846953186845056,0.11187192223808932,0.7693733501035467
Annette Bening and Ana Geislerova shared the best actress award at the Bangkok festival.,8.280000000000001,0.08756174223633782,59,-0.02355859561106488,0.09707548529066246,0.7442560381196409
"This year's event was scaled down following the Asian tsunami disaster.

",5.5200000000000005,0.08385178426513784,34,0.030121386636845514,0.09353993773378316,0.7214861800503969
Falling Down and The Phantom of the Opera director Joel Schumacher won a lifetime achievement award while Hong Kong director Wong Kar-Wai was honoured for promoting Asian cinema.,10.120000000000001,0.11356117993146496,116,0.2990093309983086,0.11263350801736148,0.7739621706155326
"""It's a great honour, I want to share this honour with my Thai colleagues,"" Wong said.",8.280000000000001,0.1098588450285049,39,0.32370699474553616,0.10182351085272652,0.7304849535331881
French writer Christophe Barratie and Korean writer Park Chan-Chook shared the best screenplay award for Les Choristes and Old Boy respectively.,9.200000000000001,0.10342523338957954,90,0.13484834232826928,0.10609984829113359,0.7654010164053537
"Now in its third year, the Bangkok International Film Festival is donating profits from ticket sales to the tsunami relief fund.
",6.44,0.1677826313064247,75,-0.07505597729682821,0.10537784538717242,0.7582337387525184
