Sent,Tm,Lex,Luhn,Lsa,Tr,LDA
"Candidate resigns over BNP link

A prospective candidate for the UK Independence Party (UKIP) has resigned after admitting a ""brief attachment"" to the British National Party(BNP).

",4.6000000000000005,0.07471630266948531,109,0.02557557962468295,0.09101941867064371,0.7693977579086083
"Nicholas Betts-Green, who had been selected to fight the Suffolk Coastal seat, quit after reports in a newspaper that he attended a BNP meeting.",6.44,0.12931481213124468,83,-0.12169969822844874,0.10195088560501066,0.7630368937746428
The former teacher confirmed he had attended the meeting but said that was the only contact he had with the group.,5.5200000000000005,0.08339838239093815,36,-0.207853896353071,0.09204706338015273,0.7208315824075778
Mr Betts-Green resigned after being questioned by the party's leadership.,2.7600000000000002,0.10467835217796569,43,0.261607868767174,0.09321155735237704,0.7316185001987379
A UKIP spokesman said Mr Betts-Green's resignation followed disclosures in the East Anglian Daily Times last month about his attendance at a BNP meeting.,7.36,0.1476849719149812,93,0.03680956285050525,0.10018922026107759,0.7644670080278226
"""He did once attend a BNP meeting.",5.5200000000000005,0.1130378584708939,16,-0.2452649550617732,0.08581313932678987,0.659975671152279
"He did not like what he saw and heard and will take no further part of it,"" the spokesman added.",2.7600000000000002,0.06480280732570566,20,0.01338082414195004,0.08823350595590715,0.6630996744698308
A meeting of Suffolk Coastal UKIP members is due to be held next week to discuss a replacement.,7.36,0.08243318835712683,57,-0.05845102434312212,0.09740098972046689,0.7449841415689405
"Mr Betts-Green, of Woodbridge, Suffolk, has also resigned as UKIP's branch chairman.
",1.84,0.07993332456165866,55,0.2434951826570863,0.09013421972757438,0.7449685193578477
