Sent,Tm,Lex,Luhn,Lsa,Tr,LDA
"India's rupee hits five-year high

India's rupee has hit a five-year high after Standard & Poor's (S&P) raised the country's foreign currency rating.

",20.240000000000002,0.10224725073213711,100,-5.282163473829553e-16,0.1022712885707815,0.7697416257751877
"The rupee climbed to 43.305 per US dollar on Thursday, up from a close of 43.41.",5.5200000000000005,0.09406981346350238,38,-1.7890679140097745e-15,0.08785533679884708,0.7449636620056953
The currency has gained almost 1% in the past three sessions.,4.6000000000000005,0.0737171757591542,24,8.260824576728427e-16,0.09873207147194728,0.6921494848843905
"S&P, which rates borrowers' creditworthiness, lifted India's rating by one notch to 'BB+'.",5.5200000000000005,0.08765604241386067,51,-1.8001075456784284e-16,0.07549449218702388,0.7401664913190145
"With Indian assets now seen as less of a gamble, more cash is expected to flow into its markets, buoying the rupee.

",7.36,0.093765472431889,46,-8.869379772043158e-16,0.09422603545279931,0.7458554845812372
"""The upgrade is positive and basically people will use it as an excuse to come back to India,"" said Bhanu Baweja, a strategist at UBS.",7.36,0.09777777777777777,69,0.3317313633942142,0.09074000576237003,0.7506631811016253
"""Money has moved out from India in the first two or three weeks of January into other markets like Korea and Thailand and this upgrade should lead to a reversal.""",4.6000000000000005,0.09777777777777777,64,0.3317313633942135,0.10065233214996719,0.7497832899064001
"India's foreign currency rating is now one notch below investment grade, which starts at 'BBB-'.",11.040000000000001,0.1352109118661233,56,-5.729517441404902e-17,0.10108067159766017,0.7462277813889382
"The increase has put it on the same level as Romania, Egypt and El Salvador, and one level below Russia.
",5.5200000000000005,0.09777777777777777,49,1.1796826484668078e-15,0.08894776600860364,0.7403335948431227
