Sent,Tm,Lex,Luhn,Lsa,Tr,LDA
"EastEnders 'is set for US remake'

Plans to create a US soap based on the BBC's EastEnders have reportedly been drawn up by the Fox TV network.

",8.280000000000001,0.10040234422068044,74,6.574099343088899e-15,0.09762667815913062,0.7633759080175717
"EastEnders' head writer Tony Jordan and music mogul Simon Fuller are involved in the project, according to reports in the Hollywood Reporter trade newspaper.",7.36,0.08923263165575558,102,-6.534127514660561e-15,0.08974333964018327,0.7679690923949372
It said scripts have been commissioned for a series about a community of working class people in of Chicago.,5.5200000000000005,0.09777777777777777,56,0.32369408735704147,0.09159984536590467,0.7401680165199876
The original EastEnders was pulled from BBC America last year after it proved a failure in the ratings.,2.7600000000000002,0.14350363622440757,53,-3.369124346128396e-14,0.09641188856477659,0.7450580421156937
"US versions of other British hits have proved less successful across the Atlantic.

",0.92,0.06828955275966374,40,-5.940257880488224e-14,0.09140789382723188,0.7226739165978897
"BBC comedy Coupling was remade with a US cast, but lost its primetime slot on the NBC network due to disappointing ratings.",10.120000000000001,0.09674686100319485,76,1.790007649116503e-14,0.09089686306492112,0.757708196905633
"At home, EastEnders has been facing its own ratings battle, recently losing out to rival ITV soap Emmer dale.",7.36,0.09848156232536752,62,1.5124989489335093e-14,0.09392511389462116,0.7578940703886862
"Primetime soaps on US television have made a recent comeback, following the success of ABC serial Desperate Housewives.",5.5200000000000005,0.08778785625537476,75,3.841284614443942e-14,0.0931275822649134,0.7546522696962163
"The series takes a ""darkly comedic"" look at the goings-on of a group of characters living in the suburbs.
",4.6000000000000005,0.09777777777777777,55,0.32369408735704075,0.09526079521831722,0.7395739088173849
