Sent,Tm,Lex,Luhn,Lsa,Tr,LDA
"Soul sensation ready for awards

South West teenage singing sensation, Joss Stone, has been nominated in three categories in Wednesday's Brit awards.

",6.44,0.12950729283245663,98,0.3356766396425683,0.12164376181417709,0.7678990002632394
"The 17-year-old from a small east Devon village near Cullumpton, received nominations for Best Solo Female, Best Urban Act and Best Breakthrough Artist.",2.7600000000000002,0.1723994416661436,95,1.8351129662341304e-16,0.1262900620000902,0.7677796088375527
"Her second album Mind, Body & Soul reached number one in the UK charts last October and went straight into the US charts at number 11.",8.280000000000001,0.1232207057660549,64,0.08639290269405989,0.11562704204344451,0.7613715603649243
Ms Stone is due to perform at the 25th award ceremony at London's Earls Court.,6.44,0.1244148585443456,50,0.32436872963622976,0.11530400393262318,0.7454368188829593
"The teenager also has Grammy nominations in the US, normally dominated by home-grown acts.",0.92,0.10414447236649547,44,-1.3731448645248133e-16,0.12256811800129948,0.732145493022123
"Born Jocelyn Stoker, the Devon diva started her career in a BBC talent programme, and was then discovered at a New York audition by a US record executive, Steve Greenberg.",6.44,0.1221687564580083,104,-2.1244203349882068e-16,0.11525426477830758,0.7700276290023489
"The 17-year-old singer is hoping to tour in Japan, Australia and the US in 2005.
",2.7600000000000002,0.10414447236649547,43,-3.5237843055252444e-18,0.1233127474300579,0.7462693197061213
