Sent,Tm,Lex,Luhn,Lsa,Tr,LDA
"Tokyo says deflation 'controlled'

",3.68,0.09551068475490908,21,-0.15678116112753265,0.0887770001638943,0.6574151017883945
"The Japanese government has forecast that the country's economic growth will slow to 1.6% in the next fiscal year starting in April 2005.

",11.96,0.0825650545208049,78,0.15082464773851012,0.1018902876969792,0.7574263580725489
"While it predicts this fall from the current 2.1% level, it said it was making progress on ending deflation.",8.280000000000001,0.09551068475490908,49,-0.1793529740713467,0.1013531620512213,0.7398914092444508
The figures were given by economics minister Heizo Takenaka who said the economy would grow by 2% in 2006/07.,5.5200000000000005,0.09777777777777777,54,4.070145674874403e-16,0.0916259010762778,0.7463389652292047
"He said the consumer price index (CPI) would rise 0.1% in the next fiscal year, the first gain since 2000/01.",11.040000000000001,0.10041399274555166,47,0.291836453173819,0.09265645434375043,0.7493262477703622
"""We are attempting to make real economic conditions better and to overcome deflation.",10.120000000000001,0.1236510454513856,49,-0.2165673776765962,0.09491584219165625,0.7298018767957396
"I think we are on track,"" said Mr Takenaka.",0.92,0.09777777777777777,15,2.479290322507192e-16,0.06943786937690483,0.6659244243498428
Deflation - or falling consumer prices - has plagued Japan for more than five years.,1.84,0.11349844385941406,41,0.11615544837488863,0.0986224837674667,0.7299296319747567
"To ease the problem the Bank of Japan has regularly flooded the money market with excess cash to keep short term interest rates at 0% in an attempt to spur economic activity.
",17.48,0.0732945383574701,104,-0.07021256717756298,0.10072099933184928,0.7698738208278608
