Sent,Tm,Lex,Luhn,Lsa,Tr,LDA
"Ivanovic seals Canberra victory

Serbia's Ana Ivanovic captured her first WTA title with a straight-sets victory over Hungarian Melinda Czink in the final of the Canberra Classic.

",7.36,0.16155953519973673,121,0.03658757111662206,0.15180081322181643,0.7724830794126181
The 17-year-old took 83 minutes to take the match 7-5 6-1.,1.84,0.14572634450500538,30,0.28811380529404945,0.13298967398443315,0.7232025536315745
Ivanovic beat Czink in the last round of qualifying but the Hungarian made the main draw as a lucky loser after Katarina Srebotnik withdrew injured.,6.44,0.15139984008013443,91,-0.10461827357721609,0.14535897734960188,0.765965688653619
"Ivanovic said: ""I was really nervous in the beginning, but I pulled through and didn't do too much wrong.""",2.7600000000000002,0.13966709048781778,33,-0.08807936487636626,0.12689794773369772,0.7091991317178586
"A junior Wimbledon finalist last year, she added: ""It's my first WTA title, and to win it has really given me more energy to practice and improve.""",9.200000000000001,0.14225883730197011,62,0.3064987444292521,0.1441963627774713,0.7541837287609691
"Ivanovic will play 32nd seed Iveta Benesova of the Czech Republic in the first round.said of the Australian Open in Melbourne.
",2.7600000000000002,0.1393883524253356,74,-0.12238968984204951,0.13875622493297904,0.7577496592187648
