Sent,Tm,Lex,Luhn,Lsa,Tr,LDA
"Holmes starts 2005 with GB events

Kelly Holmes will start 2005 with a series of races in Britain.

",6.44,0.1257142857142857,59,0.31820118878938136,0.1221794376319144,0.7585363488393
Holmes will make her first track appearance on home soil since winning double Olympic gold in January's Norwich Union International in Glasgow.,7.36,0.22,92,7.522789568279108e-16,0.12746298074457696,0.7656861677111064
She will also run in the Grand Prix in Birmingham in February and may defend her indoor AAA 800m title in Sheffield earlier that month.,4.6000000000000005,0.1257142857142857,73,7.284965184172197e-16,0.1226976377388157,0.7617058444840532
"""I am still competitive and still want to win,"" she said.",2.7600000000000002,0.09428571428571428,14,1.2179807036916722e-15,0.11061335719862475,0.6125478325594269
"""I'm an athlete and I can't wait to get back on the track.""",4.6000000000000005,0.09428571428571428,20,3.4163439053797126e-15,0.11608210467238769,0.6633304632283998
"She added: ""These events are also a great opportunity to thank the British public for the enormous levels of support they have given me from the moment I stepped off that plane from Greece.""",6.44,0.1257142857142857,78,0.3182011887893788,0.11852573574188931,0.7613767022934821
"The Glasgow meeting will see Holmes compete over 1500m in a five-way match against Sweden, France, Russia and Italy.
",2.7600000000000002,0.09428571428571428,67,-7.519644859008947e-16,0.12243874627179104,0.7546842193855597
