Sent,Tm,Lex,Luhn,Lsa,Tr,LDA
"Air Jamaica back in state control

",4.6000000000000005,0.19521192657693145,26,-1.1572619771424684e-18,0.11916198894122276,0.6778300869298748
"The Jamaican government is regaining control of Air Jamaica in an bid to help the ailing company out of its financial difficulties.

",6.44,0.14028651725603067,73,1.1220566025664765e-15,0.12594558958414875,0.7536149142488499
The firm has failed to make money since the state sold a majority stake to hotel tycoon Gordon Stewart in 1994.,9.200000000000001,0.09428571428571428,67,4.558571500051211e-16,0.12326158937129995,0.7615144172485397
"In common with many carriers, Air Jamaica, with debts of $560m (£291m), has been hit by high fuel costs and the impact of the 11 September attacks.",5.5200000000000005,0.09521714698278769,74,-2.9051759377525317e-15,0.11896660652078535,0.7662053486182485
The company will be restructured with the aim of finding a new buyer.,3.68,0.10357012346996451,30,2.60758643421588e-15,0.11034220354793133,0.6895846000423039
"""The administration is committed to a viable national airline that will serve as a major catalyst for our economy,"" said Finance Minister Omar Davies.",8.280000000000001,0.1257142857142857,89,0.31752253819293375,0.11924097859938175,0.7612809563162144
"The 35-year-old airline transports about 55% of all passengers to the island and its pilots are reportedly among the best paid in the industry, with senior members of staff earning in excess of $234,000 a year.
",10.120000000000001,0.1257142857142857,107,0.31752253819293264,0.12308104343523006,0.7744101744769428
