Sent,Tm,Lex,Luhn,Lsa,Tr,LDA
"Fear will help France - Laporte

France coach Bernard Laporte believes his team will be scared going into their game with England on Sunday, but claims it will work in their favour.

",11.040000000000001,0.12001320816072243,90,0.00481130024131958,0.10186360041491875,0.7676132687626879
The French turned in a stuttering performance as they limped to a 16-9 win against Scotland in the opening match of the Six Nations on Saturday.,3.68,0.08748730883357668,73,-0.19575048607974577,0.10123989998741148,0.7582270409850178
"""We will go to Twickenham with a little fear and it'll give us a boost,"" said the French coach.",5.5200000000000005,0.09387559295885575,34,-0.18626981757300856,0.10382454441684248,0.7030989917822206
"He added: ""We are never good enough when we are favourites.""",0.92,0.09777777777777777,16,-3.371017687986601e-14,0.08926767471602541,0.6654524196755556
"Meanwhile, Perpignan centre Jean-Philippe Granclaude is delighted to have received his first call-up to the France squad.",2.7600000000000002,0.08012590613305062,70,0.29842959457991225,0.09642268221994965,0.7437095796393065
"""It's incredible,"" the youngster said.",1.84,0.09777777777777777,19,1.8708829214561195e-14,0.06747972834750614,0.6208674485416598
"""I was not expecting it at all.",0.0,0.09777777777777777,6,1.821945372348921e-15,0.07938785717372161,0.5311377947707075
"""Playing with the France team has always been a dream and now it has come true and I am about to face England at Twickenham in the Six Nations.""",5.5200000000000005,0.09669422097726407,50,-0.10405262832508048,0.10254955662087982,0.7428344285598065
"Laporte will announce his starting line-up on Wednesday at the French team's training centre in Marcoussis, near Paris.
",5.5200000000000005,0.10847042960319708,72,0.18280868389121552,0.0979644561027447,0.7534296444402806
