Sent,Tm,Lex,Luhn,Lsa,Tr,LDA
"GB quartet get cross country call

Four British athletes have been pre-selected to compete at the World Cross Country Championships in March after impressive starts to the season.

",11.96,0.1046075930429743,111,-0.06844961468962221,0.09940184633378012,0.7696789611462723
"Hayley Yelling, Jo Pavey, Karl Keska and Adam Hickey will represent Team GB at the event in France.",1.84,0.083047319991376,62,0.14565912660908417,0.08111427871985777,0.7598068600932738
Yelling clinched the women's European cross country title last month and Pavey followed up with bronze.,12.88,0.12805742066948372,56,-0.06465010011880296,0.09521405746538787,0.7480940337388557
Keska helped the men's team to overall third place while Hickey finished in 10th place on his junior debut.,14.72,0.13033219071079086,53,0.2845550652541095,0.09650731111626613,0.7540638244179592
"""Winning the European cross country title meant so much to me,"" said Yelling.",9.200000000000001,0.10200366666728912,36,-0.11127288033431797,0.0948205876223505,0.7323789156146367
"""And being pre-selected for the Worlds means that I can focus on preparing in the best way possible.""",0.92,0.08018300007666894,31,-0.07343795644851732,0.09022430257541013,0.7231632644204287
"The 32-year-old will race alongside Olympic 5,000m finalist Pavey in the women's 8km race on 19 March.",10.120000000000001,0.08621472973847555,68,0.18401952759743725,0.09449284742471466,0.763054821789406
"Keska, who has made a successful return from a long-term injury lay-off, contests the men's 12km race on 20 March, while 16-year-old Hickey goes in the junior men's 8km on the same day.",14.72,0.09109815104457042,104,0.281908409091034,0.0967706769033252,0.7756217567852088
"The rest of the team will be named after the trials at Wollaton Park in Nottingham, which take place on 5 March.
",8.280000000000001,0.07445592805837103,50,0.1949911664822341,0.0914540918389076,0.7393244586041329
