Sent,Tm,Lex,Luhn,Lsa,Tr,LDA
"Mutu to hold talks with Juventus

Disgraced former Chelsea striker Adrian Mutu is to begin talks with Juventus as he looks for a new club.

",4.6000000000000005,0.14016347078684563,73,-0.14024498705252023,0.12718063349586364,0.7606369637612896
"""Mutu will be in our club's main stand to watch the match between Juventus and Fiorentina,"" said a Juventus official, who declined to be named.",6.44,0.12118018442440301,73,-0.17847970918267533,0.13231006405783804,0.7530372242562517
"""Then he will meet some important people of the club,"" he added.",4.6000000000000005,0.12059893693644319,26,-0.12081529810045766,0.1192717895974645,0.7077467727281296
"Mutu, 25, sacked by Chelsea and banned for seven months for taking cocaine, is now represented by Alessandro Moggi, son of Juve manager Luciano Moggi.",3.68,0.11498863189344491,86,0.18677888149199348,0.12267277804500754,0.7651111527290171
"Mutu, banned by the English FA, can resume playing next May.",0.92,0.1317998352097478,26,0.23611193429988908,0.12522357673907672,0.7211248590450113
He is to undergo a drug education and rehabilitation programme.,4.6000000000000005,0.1257142857142857,43,8.909194442466151e-16,0.09339217773945399,0.7104909194439193
"Mutu wants to train with Romanian side Dinamo Bucharest whilst serving his ban, say the Bucharest side.
",8.280000000000001,0.12555465503482974,63,0.23612735918086447,0.11994898032529547,0.7453846828346998
