Sent,Tm,Lex,Luhn,Lsa,Tr,LDA
"Tsunami debt deal to be announced

Chancellor Gordon Brown has said he hopes to announce a deal to suspend debt interest repayments by tsunami-hit nations later on Friday.

",14.72,0.11406606560938486,111,-0.13558494809319677,0.10921770823452873,0.7698550318326384
"The agreement by the G8 group of wealthy nations would save affected countries £3bn pounds a year, he said.",5.5200000000000005,0.09358857954153289,61,-0.17131906610498215,0.1065269766251425,0.7541511885284842
"The deal is thought to have been hammered out on Thursday night after Japan, one of the biggest creditor nations, finally signed up to it.",7.36,0.10911926285169771,63,-0.17963792778905832,0.10823271121610904,0.7549498001492609
"Mr Brown first proposed the idea earlier this week.

",1.84,0.1289833423626267,27,0.2383344590753894,0.10529015340111976,0.7207493889361047
G8 ministers are also believed to have agreed to instruct the World Bank and the International Monetary Fund to complete a country by country analysis of the reconstruction problems faced by all states hit by the disaster.,12.88,0.12836368531975192,135,-0.146997633278814,0.10976040023200956,0.7738504635930995
"Mr Brown has been locked in talks with finance ministers of the G8, which Britain now chairs.",0.92,0.11239518088660484,44,0.104093272178232,0.09937815112302477,0.7435452411127653
Germany also proposed a freeze and Canada has begun its own moratorium.,1.84,0.09107387406573368,41,0.19020871761647687,0.09560814049027849,0.7215654259765274
"The expected deal comes as Foreign Secretary Jack Straw said the number of Britons dead or missing in the disaster have reached 440.
",8.280000000000001,0.10241000936266739,71,-0.1425227024411291,0.10598575867778712,0.7608054089908525
