Sent,Tm,Lex,Luhn,Lsa,Tr,LDA
"Connick Jr to lead Broadway show

Singer and actor Harry Connick Jr is to star in a Broadway revival of 1950s hit musical The Pajama Game.

",12.88,0.15645123893561716,93,-0.0783102521216783,0.09445036543258624,0.7697810785437835
He will play the supervisor of a US pyjama factory who has a romance with a union activist during labour unrest.,9.200000000000001,0.09703507217592391,59,-0.17061032720687713,0.08110136312004176,0.7464445767991709
"Jeffrey Richards, the show's co-producer, said Connick was ""an actor of enormous charisma and skill, a wonderful singer and a bona fide star"".",13.8,0.08419387688476349,89,-0.11512534889842106,0.09465310157979319,0.7611671407921508
"He has recently starred in hit US comedy Will and Grace as the husband of Grace, played by Debra Messing.",4.6000000000000005,0.09171516433011598,51,-0.24039758775725942,0.09607981957219738,0.7507117033945667
"The musical will open in November, said Mr Richards, who added that no other casting had been announced yet.

",3.68,0.08983266285065047,43,0.09849276650600285,0.09571954006408488,0.739522600362513
"The original book by George Abbott and Richard Bissell will be revised by playwright Peter Ackerman, who co-wrote the screenplay for the movie Ice Age.",4.6000000000000005,0.09320577526751488,96,0.0017520958929577392,0.09730327920628103,0.7663131967685546
"It has a score by Richard Adler and Jerry Ross, and Adler is writing two new songs for the score, which includes numbers including Hey There, Small Talk and Steam Heat.",5.5200000000000005,0.08375393716978977,86,0.24092405842698433,0.09654250682961703,0.7699242273591489
"Connick appeared with his band on Broadway in 1990, and he wrote the score for a musical based on Emile Zola's novel Therese Raquin, called Thou Shalt Not.",8.280000000000001,0.11079425618059024,86,0.19504243753960177,0.09228544375808705,0.7656209522707795
"It had a three-month run on Broadway in 2001.
",1.84,0.07301801620503405,26,0.03785563014456541,0.09186458043731145,0.6849898942825745
