Sent,Tm,Lex,Luhn,Lsa,Tr,LDA
"Diageo to buy US wine firm

Diageo, the world's biggest spirits company, has agreed to buy Californian wine company Chalone for $260m (£134m) in an all-cash deal.

",20.240000000000002,0.19555666988187762,102,-0.07825646675293542,0.11590597826915704,0.7720795802620093
"Although Diageo's best-known brands include Smirnoff vodka and Guinness stout, it already has a US winemaking arm - Diageo Chateau & Estate Wines.",5.5200000000000005,0.09965177897009392,87,-0.10178185107219237,0.09962731949012464,0.7636533644979715
Diageo said it expects to get US regulatory approval for the deal during the first quarter of 2005.,5.5200000000000005,0.07877804207648022,45,-0.09777031542816174,0.11083406875114385,0.7316067151078967
"It said Chalone would be integrated into its existing US wine business.

",5.5200000000000005,0.08021359552713385,33,0.025073571593578828,0.09261716077148939,0.7057493685041867
"""The US wine market represents a growth opportunity for Diageo, with favourable demographic and consumption trends,"" said Diageo North America president Ivan Menezes.",11.040000000000001,0.09935554597431759,116,-0.10152596104876604,0.11383776338816631,0.7679882984702967
"In July, Diageo, which is listed on the London Stock Exchange, reported an annual turnover of £8.89bn, down from £9.28bn a year earlier.",4.6000000000000005,0.11509891845023597,74,0.2761893991968323,0.11270487591021619,0.7654665617652617
It blamed a weaker dollar for its lower turnover.,2.7600000000000002,0.10538428277774296,26,0.18025058165025878,0.09079133638320179,0.7097306759356867
"In the year ending 31 December 2003, Chalone reported revenues of $69.4m.
",3.68,0.1059611663421179,45,0.2721699096438046,0.1036814970365006,0.7456456854783302
