Sent,Tm,Lex,Luhn,Lsa,Tr,LDA
"Kewell waits as injury drags on

Liverpool winger Harry Kewell is struggling to recover from his Achilles tendinitis problem and may not recover until March, claims his agent.

",8.280000000000001,0.11865209704798117,107,0.08325042683782723,0.12330083457300092,0.7697162256827168
"Kewell, 26, had hoped to play against Fulham last weekend and to be ready for the Champions League tie against Bayer Leverkusen on 22 February.",7.36,0.13348785803554553,77,-0.05898937221224345,0.12400813238209321,0.7634058464896896
"But Bernie Mandic said: ""He's had scans which don't show anything substantial.",1.84,0.12401683695911177,31,0.30739647110721474,0.09313797334024335,0.6925917176666191
"""But despite his best efforts at the moment he simply can't shake off the discomfort and get back on the park.",5.5200000000000005,0.1257142857142857,41,7.875834099104677e-16,0.12227055317548835,0.7231080517271193
"""

Mandic continued in the Sydney Morning Herald: ""Harry's struggling a bit but the club are doing everything they can to get him right.",2.7600000000000002,0.12963447237144854,55,0.3277409889494178,0.1224101734151145,0.7459031571831956
"""Harry was desperate to be fit for the Fulham game as part of his plan to play himself in for the Leverkusen match.""",8.280000000000001,0.12895299275923122,54,-0.06034930924213707,0.13041088655290387,0.7432676436076844
"Kewell has not played since December 19 and misses out on international duty this week, with Australia facing South Africa in Durban on Wednesday.
",3.68,0.11954145711239611,84,-0.018238094577279283,0.12446144656115578,0.7631189220317904
