Sent,Tm,Lex,Luhn,Lsa,Tr,LDA
"Collins appeals against drugs ban

Sprinter Michelle Collins has lodged an appeal against her eight-year doping ban with the North American Court of Arbitration for Sport (CAS).

",12.88,0.13409379234048024,108,-0.07743114542910447,0.11413643558283047,0.7706741362754616
The 33-year-old received the ban last month as a result of her connection to the federal inquiry into the Balco doping scandal.,12.88,0.13349153947456405,72,-0.14803879159280275,0.11422408610254459,0.7603554866544315
She is the first athlete to be banned without a positive drugs test or an admission of drugs use.,5.5200000000000005,0.12540935089148905,39,0.2697426674022076,0.106054916961859,0.728067683443354
CAS has said that a ruling is normally given within four months of an appeal.,3.68,0.08967685280126768,20,-0.18080545704681822,0.09469316825601883,0.6855097848247943
Collins was suspended by the US Anti-Doping Agency based on patterns observed in her blood and urine tests as well as evidence in the Balco investigation.,3.68,0.09626511728807823,88,0.020808065471316327,0.10759128243723287,0.7636173926477074
"As well as being hit with the ban, Collins was stripped of her 2003 world and US indoor 200m titles.",8.280000000000001,0.09743260702072855,41,0.027132089250772793,0.09681785243295651,0.7452929334216071
The San Francisco-based Balco laboratory is at the centre of the scandal which has rocked the sport.,5.5200000000000005,0.11416969034454873,54,-0.10186247800089819,0.09960356099002625,0.7453141725379574
"The company has been accused of distributing illegal performance-enhancing drugs to elite athletes.
",2.7600000000000002,0.08946104983884348,65,0.3004527264601721,0.10687869723653146,0.7449259888968464
