Sent,Tm,Lex,Luhn,Lsa,Tr,LDA
"Johansson takes Adelaide victory

Second seed Joachim Johansson won his second career title with a 7-5 6-3 win over Taylor Dent at the Australian hardcourt championships in Adelaide.

",8.280000000000001,0.15044314859356925,120,-0.18755052210883982,0.12040249598613254,0.7673951960429681
"The Swede was made to graft, American Dent surviving three break points in the fifth game of the match.",5.5200000000000005,0.09196680132543379,54,0.1528780751481722,0.12219260400541664,0.7504840407651123
But Johansson got the breakthrough with a sublime backhand return winner and won the second set with more ease.,6.44,0.09575997317504213,58,-0.21191205215025793,0.11584635570447134,0.744331345771769
"His first tournament win was at Memphis in 2004, helping him leap from 113th in the world rankings to number 11.",10.120000000000001,0.10255288434370592,57,-0.17209926638646272,0.11786151054252578,0.7550663948954451
"Afterwards, Dent said he rated US Open semi-finalist Johansson as a top contender at the Australian Open, which starts on 17 January.",2.7600000000000002,0.09268539250862412,74,-0.06181261627063896,0.12155564269793585,0.7577996623812997
"""I believe men's tennis is all about holding serve and if he's playing like that on his own serve I don't see how guys are going to break him,"" said Dent.",9.200000000000001,0.1420892991768771,39,0.25837920679471754,0.11889140721589934,0.7454451556112686
"Johansson was more restrained in his assessment: ""I have to improve my serve if I'm going to go all the way in Melbourne.",4.6000000000000005,0.09450250087674762,48,0.14043962056879766,0.10562748051407482,0.7218904535688622
"""
",0.0,0.11,0,0.0,0.01762250333354384,0.26666666666666666
