Sent,Tm,Lex,Luhn,Lsa,Tr,LDA
"Hitch holds on to US box office

Will Smith's first romantic comedy, Hitch, has topped the North American box office for a second weekend.

",14.72,0.08025232238763287,74,-0.03280712028570827,0.0949781502950815,0.7604067804751533
"Smith plays a New York ""date doctor"" with love worries of his own in the movie, which took $31.8m (£16.8m).",5.5200000000000005,0.09075210810185487,46,-0.07889061412905508,0.09858148254206525,0.7508703950192888
"It held off a strong challenge from the new Keanu Reeves sci-fi thriller Constantine which opened at number two with $30.5m (£16.1m) Constantine, based on the Hellblazer comics, stars Reeves as an exorcist who must send Satan's minions back to hell.",9.200000000000001,0.09026546801259286,149,0.03590647272464144,0.09698806957877468,0.7780578174275999
"Two family films came next in the chart, with Wayne Wang's comedy Because of Winn-Dixie, about a young girl and an abandoned dog, in third position with $10.85m (£5.73m).

",11.040000000000001,0.073911626164034,78,0.05033219631962317,0.09760161668819303,0.7694564985201352
"Comedy adventure Son of the Mask, came in at number four with $7.7m (£4.1m), just ahead of Oscar favourite Million Dollar Baby at five.

",4.6000000000000005,0.10164679013625283,71,0.3032184343041214,0.09938993675127267,0.7578531085212115
Smith's comedy will be the first US movie released this year to top the $100m (£52.7m) mark.,13.8,0.11236689062897029,44,-0.09934582105907429,0.09777128626409522,0.7378930561768147
It's success continues a strong trend of Hollwood movie-going this year with figures for the popular President's Day weekend 13% greater than last year.,12.88,0.08474132108568898,89,-0.13429744002368443,0.09653764293373243,0.7656323298111708
Oscar contenders,0.0,0.09416018781883555,14,0.30570194811967355,0.06172405873255904,0.6163424891876761
"The Aviator, starring Leonardo DiCaprio as Howard Hughes and wine-tasting comedy Sideways, both held onto positions in the top 10.
",9.200000000000001,0.15190328566413774,79,0.03283602054036689,0.09642775621422642,0.76016208681942
