Sent,Tm,Lex,Luhn,Lsa,Tr,LDA
"Snicket tops US box office chart

The film adaptation of Lemony Snicket novels has topped the North America box office chart, displacing Ocean's 12.

",19.32,0.10647582449412722,101,0.26181739050272523,0.0983812783135199,0.7711412662943338
"A Series of Unfortunate Events, starring Jim Carrey, took $30.2m (£15.5m) in its debut weekend.",1.84,0.08025203517241432,56,-0.2570928339635526,0.10045125960150224,0.7501920416452813
"Ocean's 12 fell to number two while new entry Spanglish entered the chart at number three, taking $9m (£4.6m).",13.8,0.11013499971655301,57,0.20436556555224342,0.09060306791241629,0.7498007888086069
"A Series of Unfortunate Events also stars Scottish comedian Billy Connelly, while Carrey takes on a number of different roles in the surreal film.",8.280000000000001,0.13800289086091586,86,-0.1605063453786936,0.09961297093690455,0.7607101131359405
"The only other new entry in the top 10 was re-make, Flight of the Phoenix, at number eight, starring Dennis Quaid.",8.280000000000001,0.08646814619161035,51,0.09864002228194962,0.09918005629556599,0.7445097114625407
Carrey entertained crowds at the UK premiere of Lemony Snicket in London on Friday.,1.84,0.08469302954632624,57,0.08320715045957854,0.0855536810289671,0.7448845252267295
The actor grabbed co-star Meryl Streep and whisked her around Leicester Square.,0.92,0.09032745386589985,47,-0.07933937373275948,0.08752724439912608,0.7392900317283112
"Based on the cult children's books by author Daniel Handler, the film follows three children who are orphaned when their parents die in a fire.",9.200000000000001,0.09276698909875676,68,0.0043114993854322685,0.09261816924792818,0.7584942752732129
"They are taken in by their wicked uncle Count Olaf, played by Carrey, who schemes to get his hands on their fortune.
",2.7600000000000002,0.09087863105339644,47,-0.08117575653278843,0.08607227226406962,0.7457329515629607
