Sent,Tm,Lex,Luhn,Lsa,Tr,LDA
"US economy still growing says Fed

Most areas of the US saw their economy continue to expand in December and early January, the US Federal Reserve said in its latest Beige Book report.

",10.120000000000001,0.12103953775946426,92,0.09621763338891318,0.10825761420820888,0.7676258600567039
"Of the 12 US regions it identifies for the study, 11 showed stronger economic growth, with only the Cleveland area falling behind with a ""mixed"" rating.",8.280000000000001,0.10682442677710952,76,-0.10370655954435151,0.10699178390866344,0.7612542850613546
"Consumer spending was higher in December than November, and festive sales were also up on 2003.",2.7600000000000002,0.10645957920788147,51,0.2477032549722506,0.10257360007963384,0.7398926784479564
"The employment picture also improved, the Fed said.

",1.84,0.10517173769460166,27,0.07982953069233244,0.09893194194586595,0.6917227006843074
"""Labour markets firmed in a number of districts, but wage pressures generally remained modest,"" the Beige Book said.",3.68,0.11343499893424389,72,-0.12220332828643382,0.10676730984383706,0.757474560535333
"""Several districts reported higher prices for building materials and manufacturing inputs, but most reported steady or only slightly higher overall price levels.""",5.5200000000000005,0.11600375724723692,91,0.16496930900150392,0.10644232758671932,0.7639433480754425
The report added that residential real estate activity remained strong and that commercial real estate activity strengthened in most districts.,20.240000000000002,0.10439750780510122,96,-0.16121675417559247,0.10548117635110175,0.7627639006468511
"""Office leasing was especially brisk in Washington DC, and New York City, two of the nation's strongest commercial markets,"" the Fed said.
",4.6000000000000005,0.10666845457436108,70,-0.2428771443276148,0.10455424607596986,0.7582777614036034
