Sent,Tm,Lex,Luhn,Lsa,Tr,LDA
"Isinbayeva claims new world best

Pole vaulter Yelena Isinbayeva broke her own indoor world record by clearing 4.89 metres in Lievin on Saturday.

",11.040000000000001,0.11012574916160743,99,0.28513599139434975,0.10943520490337469,0.7682717093317717
It was the Russian's 12th world record of her career and came just a few days after she cleared 4.88m at the Norwich Union Grand Prix in Birmingham.,6.44,0.11480342190454784,72,0.2626247021259435,0.1237321971812075,0.7612221483937482
The Olympic champion went on to attempt 5.05m at the meeting on France but failed to clear that height.,5.5200000000000005,0.09142523634866834,51,-0.10164371618983611,0.1206252173136679,0.7456338255729256
"In the men's 60m, former Olympic 100m champion Maurice Greene could only finish second to Leonard Scott.",3.68,0.1581704016169523,56,-0.19402297914192757,0.11688337775933856,0.7502323672099613
"It was Greene's second consecutive defeat at the hands of his fellow American, who also won in Birmingham last week.",3.68,0.10287132339328044,58,0.03336571470166344,0.11626944022256035,0.7456338074828853
"""I ran my race perfectly,"" said Scott, who won in 6.46secs, his best time indoors.",2.7600000000000002,0.10295663023085795,41,0.023073112436085425,0.12236355600795645,0.7395250436429114
"""I am happy even if I know that Maurice is a long way from being at his peak at the start of the season.",4.6000000000000005,0.0896472373440857,31,-0.1424414861054526,0.11306850327835088,0.7231706355889185
"""
",0.0,0.11,0,0.0,0.01762250333354384,0.26666666666666666
