Sent,Tm,Lex,Luhn,Lsa,Tr,LDA
"Butler strikes gold in Spain

Britain's Kathy Butler continued her impressive year with victory in Sunday's 25th Cross Internacional de Venta de Banos in Spain.

",10.120000000000001,0.09944322145193325,115,0.16790393088012323,0.10143232065475716,0.7714083782745229
"The Scot, who led GB to World Cross Country bronze earlier this year, moved away from the field with Ines Monteiro halfway into the 6.6km race.",9.200000000000001,0.11481235444247141,77,-0.08398907436368046,0.10964375021917495,0.7655862341360544
She then shrugged off her Portuguese rival to win in 20 minutes 38 seconds.,5.5200000000000005,0.10647949783570902,39,-0.1899386991919796,0.10355859852519148,0.7399878024299988
"Meanwhile, Briton Karl Keska battled bravely to finish seventh in the men's 10.6km race in a time of 31:41.",9.200000000000001,0.10072518536901746,61,-0.05915516464369937,0.1066240326609542,0.7637842872209104
"Kenenisa Bekele of Ethiopia - the reigning world long and short course champion - was never troubled by any of the opposition, winning leisurely in 30.26.",9.200000000000001,0.10280529239060004,83,-0.19904676853675327,0.1070128591191068,0.7638508042827843
"Butler said of her success: ""I felt great throughout the race and hope this is a good beginning for a marvellous 2005 season for me.""",11.96,0.11266490224582125,59,0.2525206206105679,0.09999944275304842,0.7544294542845638
"Elsewhere, Abebe Dinkessa of Ethiopia won the Brussels IAAF cross-country race on Sunday, completing the 10,500m course in 33.22.",4.6000000000000005,0.1266763585856713,77,-0.12396464378847966,0.10983907743570173,0.7654594004003812
"Gelete Burka then crowned a great day for Ethiopia by claiming victory in the women's race.
",10.120000000000001,0.11639318767877621,53,0.1334818406823073,0.10188991863206533,0.7502557120028389
