Sent,Tm,Lex,Luhn,Lsa,Tr,LDA
"Stock market eyes Japan recovery

Japanese shares have ended the year at their highest level since 13 July amidst hopes of an economic recovery during 2005.

",14.72,0.22817952832903995,92,-0.0964392900490279,0.1121909941218936,0.7705434585521792
"The Nikkei index of leading shares gained 7.6% during the year to close at 11,488.76 points.",4.6000000000000005,0.08073281019501805,47,-0.18346315507645714,0.0985858091181561,0.7544294738968981
"In 2005 it ""will rise toward 13,000"", predicted Morgan Stanley equity strategist Naoki Kamiyama.",5.5200000000000005,0.08075185717642921,62,-0.07079623608094895,0.09301201443685142,0.7551059900052586
The optimism in the financial markets contrast sharply with pessimism in the Japanese business community.,7.36,0.10924549803167134,72,0.2394622868198063,0.10594127181641513,0.7458605331576381
"Earlier this month, the quarterly Tankan survey of Japanese manufacturers found that business confidence had weakened for the first time since March 2003.

",9.200000000000001,0.09928815229598409,92,0.26094429714212813,0.10782646287448525,0.7611062591071236
"Slower economic growth, rising oil prices, a stronger yen and weaker exports were blamed for the fall in confidence.",7.36,0.10141288179828757,68,0.061610227750795304,0.10781017256169444,0.761211852078351
"Despite this, traders expect strength in the global economy to benefit Japan, which has been close to sliding into recession in recent months.",8.280000000000001,0.10060654573575116,75,-0.09468783884512892,0.11116391119865156,0.7582965320966768
"Structural reform within Japan and an anticipated end to the banking sector's bad debt problems should also help, they say.
",6.44,0.0797827264378186,61,-0.15820543402894793,0.10346936387185254,0.7501004856200123
