Sent,Tm,Lex,Luhn,Lsa,Tr,LDA
"Robben plays down European return

Injured Chelsea winger Arjen Robben has insisted that he only has a 10% chance of making a return against Barcelona in the Champions League.

",8.280000000000001,0.1484623561946734,102,-0.09472249165413567,0.1194778397992369,0.7694243441581593
The 21-year-old has been sidelined since breaking a foot against Blackburn last month.,1.84,0.11,42,-3.586974352641751e-15,0.11678988046859673,0.7404987937298655
Chelsea face Barcelona at home on 8 March having lost 2-1 in the first leg.,3.68,0.10144828421040329,40,0.21761721960019909,0.12097124434732542,0.7311550708751069
"And Robben told the Daily Star: ""It is not impossible that I will play against Barcelona but it is just a very, very small chance - about 10%.",10.120000000000001,0.09923959091242457,55,-0.08023131401247131,0.12349057312465012,0.7507377630296188
"""

Robben has been an inspirational player for Chelsea this season following a switch from PSV Einhoven last summer.",4.6000000000000005,0.09626065604505916,61,-0.08214361826775386,0.11176710329196968,0.7452779340106774
"He added: ""My recovery is going better than we expected a few weeks ago but I think the Barcelona game will come too soon.",2.7600000000000002,0.10458911263743963,37,0.35690147505067643,0.12109257444453989,0.732209434440396
"""I won't take any risks and come back too soon.",0.92,0.11,8,-3.9993198846035785e-16,0.10878828119013731,0.5290924909160255
"""
",0.0,0.11,0,0.0,0.01762250333354384,0.26666666666666666
