Sent,Tm,Lex,Luhn,Lsa,Tr,LDA
"US charity anthem is re-released

We Are The World, the American charity anthem inspired by the success of Band Aid, has been re-issued to raise money for Aids research and tsunami victims.

",12.88,0.13234163307074565,113,0.1363320799234181,0.12392041121654726,0.7714486970399165
"More than 40 stars sang as group USA For Africa, including Lionel Richie, Diana Ross, Ray Charles, Bob Dylan, Michael Jackson and Bruce Springsteen.",1.84,0.1257142857142857,100,1.035238839449557e-15,0.10558995122161861,0.7731416923710819
"It topped the charts in the US and UK, raising millions of dollars for African famine relief.",1.84,0.12185055583294614,47,0.3915853208647594,0.11649102816333747,0.7398537423912152
The re-release also marks the 20th anniversary of the original recording.,4.6000000000000005,0.13023832323054663,46,-0.041855182416721204,0.12467923664316642,0.721793763057153
"It has been re-issued as part of a two-disc DVD set, which will also feature footage from the recording session of the track in January 1985.",9.200000000000001,0.1296493029234198,72,-0.06494937170823778,0.12697939571261316,0.7547323863766057
"The single was originally released in the US on 7 March 1985 and sold 800,000 copies in its first week.",5.5200000000000005,0.11449161351377031,51,-0.13782966374214253,0.12221814434240937,0.7506173938052306
"It went on to win Grammys for song of the year and record of the year.
",6.44,0.1257142857142857,28,8.500578702092626e-17,0.1201218327003076,0.7234888910429886
