Sent,Tm,Lex,Luhn,Lsa,Tr,LDA
"Boogeyman takes box office lead

The low-budget horror film Boogeyman has knocked Robert de Niro thriller Hide and Seek from the top spot at the UK box office.

",25.76,0.12709016932009568,106,-0.048539170927391566,0.09725039303058297,0.7726579000564284
"The film, in which a young man is forced to revisit a traumatic childhood experience, took £788,439 in its first three days on release.",11.96,0.09328011016509344,69,0.0556207728787249,0.08915399124894738,0.7578644828133952
"Hide And Seek, which was knocked off the top of the US box office by Boogeyman last month, fell one place.",11.96,0.08373911251036553,48,-0.05514191308911232,0.09023743071676497,0.74628108941723
"Oscar nominee Hotel Rwanda was also a new entry in the chart, at number five.",6.44,0.10154948813516043,39,0.33020715971567655,0.0897543411245677,0.7325458157424652
"The film, which scored Oscar nominations for Don Cheadle and British actress Sophie Okonedo, made £507, 596 in its first week of nationwide release.

",10.120000000000001,0.09138943173172444,93,0.1498260574113353,0.0946132025743504,0.7679782752012794
"Comedy sequel Meet The Fockers and Shall We Dance?, starring Jennifer Lopez and Richard Gere, completed the top five.",4.6000000000000005,0.09330303179243263,66,0.024961030511444236,0.09159444937937032,0.7549630282501577
"Clint Eastwood's Million Dollar Baby re-entered the charts at number eight, following its recent success at the Oscars.",3.68,0.09660676706765273,67,0.3074346788616056,0.09548712218904844,0.7550770000230834
"The boxing drama, which won four awards including best film and best director, has made £4.4m to date.",7.36,0.0895838713401713,47,0.038433142055814704,0.09703739667758378,0.7498857289279135
"Two other new entries, a remake of the 1965 film Flight of the Phoenix, and the teen comedy Harold and Kumar Get The Munchies, debuted outside the top 10.
",13.8,0.10345801793730384,70,0.11346821958011451,0.09487167305878409,0.7610298589454308
