Sent,Tm,Lex,Luhn,Lsa,Tr,LDA
"McClaren eyes Uefa Cup top spot

Steve McClaren wants his Middlesbrough team to win their Uefa Cup group by beating Partizan Belgrade.

",10.120000000000001,0.09167068388896389,90,-0.07700998178868726,0.10457216245522917,0.7676402572254624
"Boro have already qualified for the knockout stages alongside Partizan and Villareal, at the expense of Lazio.",3.68,0.07304363859681298,64,0.27224113098098035,0.09568566816930399,0.745825431473144
But boss McClaren is looking for a victory which would mean they avoid a team that has played in the Champions League in Friday's third-round draw.,7.36,0.10043363765063719,68,-0.12002714174939834,0.11030879780769323,0.7533083869473313
"""To need a win to finish top is fantastic, but it is going to be a tough one,"" McClaren said.",10.120000000000001,0.1202845765395896,34,-0.0717899793573993,0.10725868403612857,0.7062631842304143
"""When the draw was made, I thought it was the toughest group of them all - and so it has proved.",5.5200000000000005,0.07670497015064287,28,-0.17650205606337854,0.10188823818201705,0.7224008460330005
"""Lazio were favourites, Villarreal have been semi-finalists, and Partizan have fantastic experience in Europe.",4.6000000000000005,0.11188538316047286,71,0.29607382150269074,0.10459353903164903,0.743510631567708
"""The pleasing thing is we did the business in the first two games.",2.7600000000000002,0.09777777777777777,25,-3.7038080935580807e-16,0.09296490173297642,0.6921883115696073
"""Winning those two has put us in a great position and it has been a fantastic experience playing these teams.",7.36,0.11042155445732502,46,0.07967166166853562,0.10726783062107356,0.7300348360128613
"""
",0.0,0.09777777777777777,0,0.0,0.015460177963928892,0.26666666666666666
