Sent,Tm,Lex,Luhn,Lsa,Tr,LDA
"TV presenter Deeley drops CD:UK

Cat Deeley has resigned as host of ITV1's Saturday morning children's music show CD:UK after six years.

",18.400000000000002,0.12700630024698129,89,-0.05173570410900685,0.11094339029666643,0.7694233153875465
The 28-year-old host who also presents Stars In Their Eyes said she wanted to concentrate on new television projects.,5.5200000000000005,0.09755311468546689,61,0.27967108278666364,0.10904633025005117,0.7547799648023834
"""I've had a great few years, met some really incredible people and been given some wonderful opportunities,"" the presenter said.",9.200000000000001,0.0888323136404493,58,0.30896330409110817,0.10651409660509618,0.7378058682389654
"Deeley will host her last show on 5 March and guest presenters will stand in until a replacement is found.

",11.040000000000001,0.09895429417810692,54,0.007035798673568147,0.10941414489707822,0.7277640084225467
"The long-running presenter said: ""I would like to take this opportunity to thank the CD:UK team and all the viewers that have watched, supported the show and let me gate crash their Saturday morning.",16.560000000000002,0.13402029976601076,82,-0.00983416037424945,0.11332964391227325,0.7630436927529765
"""Whilst obviously I am really sad to say goodbye, I'm immensely excited about the future.""",4.6000000000000005,0.11,38,2.066188600208647e-15,0.08305207918887789,0.7233363596622341
"Deeley formerly co-hosted SM:tv, the children's show which airs before CD:UK on a Saturday morning, alongside hit presenters Ant and Dec.",12.88,0.12137787374956097,79,-0.09916492802838112,0.10912877993738701,0.7616391285051756
"She won a Children's Bafta award for best presenter in December 2001 and also fronted BBC One's Fame Academy series.
",9.200000000000001,0.10225580373342386,70,0.12749789689391805,0.09857153491256991,0.7583560009621119
