Sent,Tm,Lex,Luhn,Lsa,Tr,LDA
"Tate & Lyle boss bags top award

Tate & Lyle's chief executive has been named European Businessman of the Year by a leading business magazine.

",11.96,0.14553660094881643,92,0.3006408515370649,0.10635693759515738,0.7652532256297913
"Iain Ferguson was awarded the title by US publication Forbes for returning one of the UK's ""venerable"" manufacturers to the country's top 100 companies.",10.120000000000001,0.11897688243074635,90,-0.013870717962724313,0.10655460770000184,0.7605300949193596
The sugar group had been absent from the FTSE 100 for seven years until Mr Ferguson helped it return to growth.,11.040000000000001,0.14890840701774932,53,-0.14881083427367064,0.10909276763522235,0.7505897686068604
"Tate's shares have leapt 55% this year, boosted by firming sugar prices and sales of its artificial sweeteners.

",9.200000000000001,0.08574772249059326,63,-0.07913975912269021,0.09888777373260128,0.7577050910511818
"""After years of a sagging stock price and a seven-year hiatus from the FTSE 100, one of Britain's venerable manufacturers has returned to the vaunted index,"" Forbes said.",11.96,0.11746366855349467,91,-0.06573921756973299,0.10655539599217408,0.7672781036445461
"Mr Ferguson took the helm at the company in 2003, after spending most of his career at consumer goods giant Unilever.",7.36,0.08484566812409981,64,-0.1033277427106614,0.10810037398268953,0.7545726585132162
"Tate & Lyle, which was an original member of the historic FT-30 index in 1935, operates more than 41 factories and 20 more additional production facilities in 28 countries.",10.120000000000001,0.08922229344490121,99,0.2225330441906328,0.10381729637122125,0.771616593532635
"Previous winners of the Forbes award include Royal Bank of Scotland chief executive Fred Goodwin and former Vodafone boss Chris Gent.
",9.200000000000001,0.08929875698959895,94,0.22656979630413723,0.10063484699093221,0.7678849607385775
