Sent,Tm,Lex,Luhn,Lsa,Tr,LDA
"Iraq to invite phone licence bids

Iraq is to invite bids for two telephone licences, saying it wants to significantly boost nationwide coverage over the next decade.

",16.560000000000002,0.07501278098436681,96,-0.07239787724738621,0.09716521192095798,0.7658758117896152
"Bids have been invited from local, Arab and foreign companies, Iraq's Ministry of Communications said.",1.84,0.1895658419223925,58,-0.1395771746993406,0.09494234556727806,0.7439931583187221
The winner will work in partnership with the Iraqi Telecommunications and Post Company (ITPC).,2.7600000000000002,0.06827162862574816,59,-0.16106659986971505,0.09714802535722854,0.7399451392732307
"The firms will install and operate a fixed phone network, providing voice, fax and internet services.

",7.36,0.08989278234985508,63,0.26426927854013477,0.0902865865530813,0.7543844938361123
"The ministry said that it wanted to increase Iraq's ""very low telephone service penetration rate from about 4.5% today to about 25% within 10 years.""",14.72,0.10453527228782238,74,0.16863212470760972,0.09477622119632689,0.7608041692039387
"It also hopes to develop a ""highly visible and changeable telecommunication sector"".",5.5200000000000005,0.09777777777777777,57,-4.281943868716525e-16,0.08706890899816842,0.7330229320436663
Details of the bidding and tender process will be published on the ministry's website on 9 February.,7.36,0.07166335579235499,53,-0.08936311601010237,0.09314814888819696,0.7305073970572347
"It also is planning a road-show for investors in Amman, Jordan.",0.0,0.09777777777777777,32,-1.38279533793325e-15,0.09025630496717917,0.7106116845269912
"The ministry said it would base its selection on criteria including the speed of implementation, tariff rates, coverage, and the firm's experience and financial strength.
",14.72,0.0855027824819045,105,0.22988182814890695,0.09520824655158268,0.7632617147887562
