Sent,Tm,Lex,Luhn,Lsa,Tr,LDA
"IAAF launches fight against drugs

The IAAF - athletics' world governing body - has met anti-doping officials, coaches and athletes to co-ordinate the fight against drugs in sport.

",15.64,0.10693798539730133,107,-0.1866137342027119,0.0967088671975442,0.7723896054466174
Two task forces have been set up to examine doping and nutrition issues.,5.5200000000000005,0.125512756901328,37,0.2836044216891476,0.09264475863662779,0.7278123845820978
"It was also agreed that a programme to ""de-mystify"" the issue to athletes, the public and the media was a priority.",4.6000000000000005,0.0816068046314547,56,0.031891364735422416,0.09327219301869576,0.7401270707228329
"""Nothing was decided to change things - it was more to have a forum of the stakeholders allowing them to express themselves,"" said an IAAF spokesman.",6.44,0.09001472174388195,58,-0.04825242500072491,0.09569291427442786,0.745798989035847
"""Getting everyone together gave us a lot of food for thought.""",2.7600000000000002,0.09777777777777777,18,7.098488463697094e-16,0.08726093670470955,0.665988102885934
"About 60 people attended Sunday's meeting in Monaco, including IAAF chief Lamine Diack and Namibian athlete Frankie Fredericks, now a member of the Athletes' Commission.",9.200000000000001,0.10043450292667974,111,-0.1773616186717041,0.0897445993447706,0.7710379452525062
"""I am very happy to see you all, members of the athletics family, respond positively to the IAAF call to sit together and discuss what more we can do in the fight against doping,"" said Diack.",11.040000000000001,0.09982621136320774,74,-0.10042971226261603,0.09590862847005897,0.7575933984612193
"""We are the leading Federation in this field and it is our duty to keep our sport clean.""",4.6000000000000005,0.09379767636321899,33,-0.0747599476181003,0.09389828944869234,0.7229715722445322
"The two task forces will report back to the IAAF Council, at its April meeting in Qatar.
",4.6000000000000005,0.08409156289514978,47,0.24335145604429828,0.09486881290447288,0.7377157128103463
