Sent,Tm,Lex,Luhn,Lsa,Tr,LDA
"Gebrselassie in London triple bid

Double Olympic 10,000m champion Haile Gebrselassie will race in the London Marathon for the next three years.

",8.280000000000001,0.18764387372736105,93,0.07903024102377453,0.12219648184601685,0.7645351550144174
The Ethiopian legend won Sunday's Almeria half-marathon in Spain on his return from an operation on his Achilles tendon.,3.68,0.09966484971213124,77,-0.09234305638208726,0.1165386150567855,0.7584914126835202
He was third in London in 2002 in his first serious attempt at the marathon.,5.5200000000000005,0.08171850535234564,25,0.014017140736546982,0.11421923605690898,0.6882111243655449
"""It is a coup for us to secure Haile's presence for the next three years and it guarantees a quality race,"" said race director David Bedford.",11.96,0.11165634791807817,71,0.279544628111064,0.11996640881813524,0.7587005388912726
"Gebrselassie will face Olympic champion Stefano Baldini, world champion Jaouad Gharib, and arch-rival Paul Tergat, the current world record holder.",16.560000000000002,0.09313727743636675,114,-0.17205100688559577,0.11728820003922517,0.7714283483704903
"""If I didn't think I could win I would not be here,"" said Gebrselassie, who has set world records on 18 occasions in his illustrious career and is keen to add the marathon record to his collection.",17.48,0.10481965994861886,87,-0.21034278571215453,0.12374247142653025,0.7629288956803503
"""There are a lot of fantastic runners in the race but I shall be doing my utmost to upset them.",7.36,0.09135948590509826,33,0.24399762973455322,0.10842608342285424,0.7232341943775271
"""
",0.0,0.11,0,0.0,0.01762250333354384,0.26666666666666666
