Sent,Tm,Lex,Luhn,Lsa,Tr,LDA
"TOTP turns to Elvis impersonator

Top of the Pops has turned to the star of Elvis Presley musical Jailhouse Rock after the late rock legend scooped the UK's 1,000th number one single.

",11.96,0.11765994142678873,111,0.2636853170797655,0.09721361844505713,0.7735814643927994
"Mario Kombou, who plays the Presley role on stage, will sing One Night on Friday's BBC One show as producers are unable to use Presley video footage.",10.120000000000001,0.1134903222182311,88,-0.1121598518143608,0.09605807600551365,0.7645327453069244
It is his second number one in a row.,4.6000000000000005,0.08071853568764031,9,0.11595724586906436,0.08084965379482208,0.6154358384806837
The show used Presley photos last week.,5.5200000000000005,0.08501000161149,20,-0.17025532248014613,0.09456422907491102,0.6623594190200744
"Presley will feature in the charts for several more months as all 18 of his original UK chart-toppers are reissued.

",2.7600000000000002,0.08839677750232762,55,-0.02969143801411323,0.09386686336076522,0.7499422768030746
"A Top of the Pops spokesperson said: ""It's a very special number one as it's the UK's 1,000th.",5.5200000000000005,0.1131428976498281,40,0.2874601250756234,0.09290222863671907,0.7215668410291896
"""We wanted to pay tribute to Elvis in the best way we knew how, so we thought getting a professional would be the best way for Top of the Pops to do that.""",2.7600000000000002,0.07986232965755677,46,0.2314791000181908,0.0950425535905147,0.7383848368436929
"Kombou is likely to appear on the show again next week as the next Presley re-release, A Fool Such As I, is on course to give him his third number one in three weeks.",10.120000000000001,0.11776394338672469,49,-0.12641631716678456,0.09846721588790974,0.7314773312291352
"Kombou plays Vince Everett in Jailhouse Rock - the same role Presley played in the 1957 film of the same name.
",5.5200000000000005,0.08395525085941262,58,-0.02013604173137973,0.09103556120378736,0.7535365291692296
