Sent,Tm,Lex,Luhn,Lsa,Tr,LDA
"Ferguson rues failure to cut gap

Boss Sir Alex Ferguson was left ruing Manchester United's failure to close the gap on Chelsea, Everton and Arsenal after his side's 1-1 draw with Fulham.

",12.88,0.07464508153173965,122,-0.010579081759405817,0.0948550064455402,0.774821428849614
"Premiership leaders Chelsea and the Gunners endured a 2-2 stalemate on Sunday, giving United the chance to make up some ground in the league.",6.44,0.07342141444362393,86,-0.06723349502073404,0.09815777134948867,0.757598097969893
"But Ferguson said: ""I think what makes it so bad is that both our rivals dropped points at the weekend.",1.84,0.07189417995698749,36,-0.1161384953049977,0.09677368651962706,0.7316887623973575
"""It was a great opportunity - and we haven't delivered.""",5.5200000000000005,0.07206091743185515,23,0.09124272275952261,0.0824794286476988,0.6607954276939165
United went ahead through Alan Smith in the 33rd minute before Bouba Diop's superb 25-yard strike cancelled out the visitors' lead in the 87th minute.,10.120000000000001,0.09058445458041157,85,0.12042998117845202,0.0900529728864841,0.7699993037522463
"Ferguson described the result as an ""absolute giveaway"" after United had earlier missed a host of opportunities to finish off the encounter.",7.36,0.13505490189917121,75,0.1317164847572594,0.0981760119066651,0.7528486183232168
"He said: ""It was a good performance - some of the football was fantastic - but we just didn't finish them off.",11.96,0.10114436514002009,38,0.2942315468370186,0.09104348902350416,0.7082757500368576
"""In fairness, it's a fantastic strike from the Fulham player.""",5.5200000000000005,0.08794338514023724,35,0.27890399415128414,0.09027410976352905,0.7047085108527916
"The result leaves Ferguson's side fourth in the league on 31 points - four points behind Arsenal and a further five back from Chelsea.
",11.040000000000001,0.17325129987595364,65,-0.10642905117918613,0.09818752345746282,0.748909135357077
