Sent,Tm,Lex,Luhn,Lsa,Tr,LDA
"Pavey focuses on indoor success

Jo Pavey will miss January's View From Great Edinburgh International Cross Country to focus on preparing for the European Indoor Championships in March.

",6.44,0.1702987923603487,128,-0.0443233023523041,0.12439234340133844,0.7739277053516629
The 31-year-old was third behind Hayley Yelling and Justyna Bak in last week's European Cross Country Championships but she prefers to race on the track.,4.6000000000000005,0.10122748781604936,82,-0.1086642328968422,0.12277125116329626,0.7656812031950209
"""It was great winning bronze",2.7600000000000002,0.09795494984955534,14,-0.1354005037748077,0.11242064167030448,0.6620659131282652
"but I'm wary of injuries and must concentrate on the indoor season,"" she said.",6.44,0.17817328446388328,33,0.29073902521676165,0.11243794954084806,0.7057464562643455
"""Because of previous injuries I don't even run up hills in training.""",1.84,0.09428571428571428,26,0.2682308561835241,0.11919399311708742,0.7104708129305202
"Pavey, who came fifth in the 5,000m at the Athens Olympics, helped the British cross country team win the team silver medal in Heringsdorf last week.",14.72,0.14283305178640526,84,-0.16247235082054698,0.12698776044193272,0.7648462379363856
"She is likely to start her 3,000m season with a race in either Boston or Stuttgart at the end of January.
",5.5200000000000005,0.09522671943804381,45,0.10830539310121373,0.12179606066519241,0.7395503611009955
