Sent,Tm,Lex,Luhn,Lsa,Tr,LDA
"Tomlinson stays focused on Europe

Long jumper Chris Tomlinson has cut his schedule to ensure he is fully fit for the European Indoor Championships.

",5.5200000000000005,0.10220530828148042,99,-0.05027415879361543,0.09751695397103483,0.7676867228226661
The 23-year-old has a minor injury and has pulled out of international meets in Madrid and Lievin this week as well as warm-weather training in Lanzarote.,6.44,0.08814771194431485,88,0.16450355423864282,0.09689117301857833,0.7657650250164948
"""It's nothing serious,"" said his coach Peter Stanley.",0.92,0.09777777777777777,17,-5.155943702865931e-17,0.07402638114499875,0.6656511800706125
"""He strained a muscle in his abdomen at the Birmingham meeting but is back in full training.""",6.44,0.07783703649436231,52,-0.009316912136861102,0.08817998590701415,0.722422217845773
Sprinter Mark Lewis-Francis will also not compete in Madrid on Thursday.,0.92,0.10118839168604418,46,0.3104971182228406,0.0963041821556235,0.7308638239625722
"The Birmingham athlete, who clocked a season's best of 6.61 seconds over 60m in Birmingham last week, also prefers to focus his attentions on next month's European Indoor Championships.

",9.200000000000001,0.15372373644639706,105,-0.08301383602665072,0.10010757418162901,0.7668967130268803
"Lewis-Francis, who was runner-up to British team-mate Jason Gardener at the Europeans three years ago, will continue his training at home.",4.6000000000000005,0.09755977498278645,84,0.29155860712609805,0.09880903050030208,0.7637644489232621
"Meanwhile, Tomlinson is still searching for this first major medal and this season he has shown he could be in the sort of form to grab a spot on the podium in Madrid.",9.200000000000001,0.0862148253396969,63,0.07797133051536052,0.09561087182211396,0.7542655482317957
"The Middlesbrough athlete jumped a season's best of 7.95m at the Birmingham Grand Prix - good enough to push world indoor champion Savante Stringfellow into second.
",18.400000000000002,0.07534543704714003,99,-0.0846664993277155,0.09255384729870544,0.7653838335592511
