Sent,Tm,Lex,Luhn,Lsa,Tr,LDA
"Gamers snap up new Sony PSP

Gamers have bought almost all of the first batch of Sony's new PlayStation Portable (PSP) games console, which went on sale in Japan on Sunday.

",10.120000000000001,0.10095454058672586,83,0.21709389235644141,0.09173698830999473,0.766918653372029
"Thousands of people queued for hours to get hold of one of the 200,000 PSPs which were shipped to retailers.",1.84,0.0720719305280348,48,0.24679826431218677,0.08568444086631748,0.7504190665491018
"The handheld console can play games, music and movies and goes on sale in Europe and North America next year.",15.64,0.06799618492009897,59,-0.018330383430573596,0.0929601126266163,0.7542263821441644
"Despite the demand Sony said it would not increase the 500,000-strong stock of PSPs it plans to ship by year's end.

",10.120000000000001,0.11942676586618642,54,0.24918840142124893,0.09367809937419612,0.7572974320065063
Sony says it intends to ship three million of the consoles by March 2005.,7.36,0.09266466059287946,37,-0.019714823113901655,0.0973833442282787,0.7306707298571541
The company is hoping to challenge the dominance of Nintendo in the handheld market.,6.44,0.06667762834889285,51,-0.17536349711494673,0.09008240263919148,0.7317932181264323
Nintendo released its new DS console earlier this year and has already raised shipment targets for the device by 40%.,11.040000000000001,0.07852596896117031,60,-0.09179703888148495,0.09891203064690889,0.7523665187787956
"The PSP is selling in Japan for 19,800 yen ($188; £98) while Nintendo's DS console sells in the US and Japan for $150 (£78).",8.280000000000001,0.09858463942672596,58,0.052162641944978834,0.09322969712403985,0.7649059957177013
"Nintendo's goal is to ship 5 million of its new Nintendo DS handheld consoles by March 2005.
",11.96,0.18309768076928537,58,-0.14394276247652754,0.09633288418445637,0.7480975962413201
