Sent,Tm,Lex,Luhn,Lsa,Tr,LDA
"School tribute for TV host Carson

More than 1,000 people turned out on Sunday to pay tribute to late US TV presenter Johnny Carson in the Nebraska town where he grew up.

",12.88,0.18347366204309778,98,-0.04463190310464162,0.11128337930673592,0.7725127693035759
"Carson, who hosted the Tonight Show for 30 years, died on 23 January from respiratory disease emphysema.",4.6000000000000005,0.0779770777044257,66,-0.09632461891223063,0.10140320423315703,0.754547170154292
"He lived in Norfolk, Nebraska from the age of eight until he joined the Navy, but returned regularly and donated $5m (£2.7m) to local causes.",3.68,0.09266077687494619,62,0.21058082010286294,0.10556589072689918,0.75352156513634
"Old school friends were among the crowd at the school's Johnny Carson Theater.

",8.280000000000001,0.09642492500475362,42,0.04363876426737434,0.09983135683785277,0.7319745355170398
"Carson, who was one of the best-loved TV personalities in the US, asked not to have a public memorial in Los Angeles, where he lived in later life.",4.6000000000000005,0.09805750506536141,63,-0.08758197766796888,0.11031242149732753,0.7532506723678671
"He began his showbusiness career in Norfolk, performing magic under the name The Great Carsoni from the age of 14.",5.5200000000000005,0.12221390998098852,59,0.29107638549654097,0.10371596488437235,0.7504195241951351
"His donations included $600,000 to Norfolk High School in the 1980s to build a new performing arts centre.",1.84,0.11151189666403123,63,0.245113334995099,0.10341572941097804,0.7571548826814207
"When Carson died, President Bush led the public tributes, saying the presenter ""had a profound influence on American life and entertainment"".
",8.280000000000001,0.09768024666239553,90,-0.15098369763649422,0.10447205310267703,0.7599065966665908
