Sent,Tm,Lex,Luhn,Lsa,Tr,LDA
"O'Driscoll out of Scotland game

Ireland captain Brian O'Driscoll has been ruled out of Saturday's RBS Six Nations clash against Scotland.

",2.7600000000000002,0.10789427682703698,83,0.2970928001780477,0.1006797440819886,0.7611168071439911
O'Driscoll was originally named in the starting line-up but has failed to recover from the hamstring injury he picked up in the win over Italy.,8.280000000000001,0.11781365555426311,73,0.04931020508652461,0.1009845046369313,0.7545240096732156
His replacement will be named after training on Friday morning.,3.68,0.12390523750970307,36,-0.15339559548404633,0.09045679633818826,0.6927429385593613
"Fellow centre Gordon D'Arcy is also struggling with a hamstring injury and he will undergo a fitness test on Friday to see if he can play.

",10.120000000000001,0.08702288427471333,74,-0.13236794984038028,0.1032452301262695,0.7578337695808779
Kevin Maggs would be an obvious replacement at centre while Shane Horgan could also be moved from wing.,6.44,0.07937096949822564,53,-0.09421229574022506,0.098254883686027,0.7399512512007975
Ulster wing Tommy Bowe could also be asked to travel with the squad to Scotland as a precautionary measure.,5.5200000000000005,0.0825713202955311,61,0.20870519015226782,0.10497786774747578,0.7505275364145878
The only other change to the Ireland side sees Wasps flanker Johnny O'Connor replacing Denis Leamy.,2.7600000000000002,0.09454465778600699,61,0.16441784320791783,0.10244434109959548,0.7459362541990371
"O'Connor will be winning his third cap after making his debut in the victory over South Africa last November.

:",2.7600000000000002,0.09350425973003676,48,0.09339458877944622,0.09445691173794546,0.7458220559286939
"Murphy, Horgan, TBC, D'Arcy, Hickie, O'Gara, Stringer, Corrigan, Byrne, Hayes, O'Kelly, O'Connell, S Easterby, O'Connor, Foley.

: Sheahan, Horan, O'Callaghan, Miller, G Easterby, Humphreys, Dempsey.
",0.0,0.09337273852448306,143,-0.011909722185221489,0.044499720545578325,0.7763963899456451
