Sent,Tm,Lex,Luhn,Lsa,Tr,LDA
"Davenport puts retirement on hold

Lindsay Davenport has put any talk of retirement on hold after having a largely injury-free 2004 campaign.

",13.8,0.08658845353712526,93,-0.02634435925085773,0.10966225303365981,0.7612175974877022
"The 28-year-old world number one had said that she would quit at the end of last year, but after a successful season she has had a change of heart.",11.040000000000001,0.09600259580832045,60,0.2132896566163352,0.10797553883102382,0.7585135613002717
"""Finally I felt I put myself in a position to try and win Grand Slams again,"" said Davenport.",6.44,0.19138318527044287,44,-0.044882513786552294,0.10778770594981263,0.7289231663096416
"""It would be tough to walk away when I feel like I can contend so there's no point in hanging it up quite yet.""",5.5200000000000005,0.08207320829433205,29,-0.021997793062092725,0.0979782852239004,0.7233548032913918
"Davenport has won three Grand Slams, the 2000 Australian Open, Wimbledon in 1999 and the 1998 US Open.",2.7600000000000002,0.08651538040552101,61,-0.0368177167351443,0.09968225834782235,0.7522093129239593
Her career has been hit by a series of injuries but last year she started hitting top form and won seven titles.,9.200000000000001,0.09763319189743394,48,0.1361992025500164,0.10796758892457346,0.7496731777692154
She was due to take part in this week's Hopman Cup in Perth but decided she wanted to rest her knee.,5.5200000000000005,0.09091635016027141,43,0.2514001780050015,0.10525769589055631,0.7395183865607428
"""I just really wanted to make sure my right knee was going to be able to really withstand all the rigours of the whole year coming up,"" she said.
",7.36,0.14888763462655302,35,0.3313920335612115,0.10368867379865104,0.7306948026237048
