Sent,Tm,Lex,Luhn,Lsa,Tr,LDA
"Oscar nominee Dan O'Herlihy dies

Irish actor Dan O'Herlihy, who was nominated for best actor at the 1955 Oscars, has died at the age of 85.

",12.88,0.11760408490340941,78,-0.13239662765728263,0.12321425000556487,0.767791769747522
"O'Herlihy, whose Oscar nomination was for Luis Bunuel's The Adventures of Robinson Crusoe, died at his home in Malibu, California, a spokesman said.",3.68,0.10731711226076629,88,-0.13737556547605456,0.11561859335983486,0.7591127607145681
"The actor began his film career in the 1940s, playing Macduff to Orson Welles' Macbeth in 1948, and was also a regular in on the Dublin stage.",9.200000000000001,0.090122508909937,73,0.014322404435826695,0.12481099559255014,0.7611091713339233
He later appeared in Robocop and its sequel and cult TV show Twin Peaks.,2.7600000000000002,0.12653898797410093,37,0.3147183757530144,0.11351503262819583,0.7300933476064283
"He played the CEO of Omni Consumer Products in 1987's Robocop and Robocop 2 three years later, and was saw mill owner Andrew Packard in Twin Peaks, also in 1990.",4.6000000000000005,0.11151145125260563,83,0.3272429599885826,0.11285664353391388,0.7652254260397793
"Despite his Oscar nomination, he had few other lead roles and became a familiar supporting actor on TV and in film.",9.200000000000001,0.20872541394055574,49,-0.028838566535561518,0.12724307155140463,0.7398992890742266
"The year he was nominated, the Academy Award was won by Marlon Brando for On the Waterfront.
",3.68,0.118180440758625,50,0.04954748213308191,0.12274141332853576,0.7392222212989227
