Sent,Tm,Lex,Luhn,Lsa,Tr,LDA
"Dent continues Adelaide progress

American Taylor Dent reached the final of the Australian hardcourt event in Adelaide with a crushing 6-1 6-1 win over Argentine Juan Ignacio Chela.

",4.6000000000000005,0.12103475945325695,127,-0.07395559136643076,0.14087697120722167,0.7731186073361641
Dent will meet Swede Joachim Johansson on Sunday after the second seed survived a tense tie-break to defeat Belgium's Olivier Rochus 6-1 7-6 (7/5).,3.68,0.13618083038656464,93,-0.14393582605586155,0.14261481581078433,0.7656256835647762
"Johansson, the boyfriend of Lleyton Hewitt's sister Jaslyn, received strong crowd support on Saturday.",4.6000000000000005,0.12483609780964357,77,0.2826075869998648,0.1354283349477008,0.7545496651967454
"""It feels like home for me, because Jaslyn lives here,"" said Johansson.",0.92,0.12619620110330956,27,0.27249151596111476,0.12581659935154763,0.7071911405019611
Rochus was leading 5-4 in the second set tiebreak but his concentration was ruffled by a disputed line call and the match slipped away.,6.44,0.1257142857142857,67,-3.4697162655164213e-15,0.14010680851054447,0.7510268372039502
"""It was so close - one mistake like this and the match is over, it's tough.",10.120000000000001,0.1257142857142857,22,-2.7675255529419047e-15,0.13466834628611854,0.6890422342749538
"For me, it was clearly out,"" Rochus said.
",0.0,0.12032353981865382,5,-0.20778261941474194,0.020488123886082756,0.49521590114298486
