Sent,Tm,Lex,Luhn,Lsa,Tr,LDA
"Lufthansa flies back to profit

German airline Lufthansa has returned to profit in 2004 after posting huge losses in 2003.

",19.32,0.1693783693910474,76,-0.010321376560829225,0.1005798672848481,0.760076817925452
"In a preliminary report, the airline announced net profits of 400m euros ($527.61m; £274.73m), compared with a loss of 984m euros in 2003.",11.96,0.09094242653825069,85,-0.11389817450629439,0.09389075141843313,0.7684223151129581
"Operating profits were at 380m euros, ten times more than in 2003.",5.5200000000000005,0.09716471890154746,32,-0.10104343866929794,0.09810517999391548,0.716570622743456
Lufthansa was hit in 2003 by tough competition and a dip in demand following the Iraq war and the killer SARS virus.,12.88,0.10205251020605648,63,0.29561108803412733,0.09198912646530591,0.7574996759270697
It was also hit by troubles at its US catering business.,2.7600000000000002,0.07911081679354637,23,0.3157894744374749,0.08277859269283327,0.689455527515174
"Last year, Lufthansa showed signs of recovery even as some European and US airlines were teetering on the brink of bankruptcy.",3.68,0.06520823524873189,65,0.055867407519819653,0.0942980210981898,0.7458251512615636
The board of Lufthansa has recommended paying a 2004 dividend of 0.30 euros per share.,6.44,0.10572842856029442,50,-0.004594631674409074,0.09820134172538134,0.7414821751303716
"In 2003, shareholders did not get a dividend.",6.44,0.08183319500202547,23,0.02662599077029262,0.08241250096512916,0.6541865520325549
"The company said that it will give all the details of its 2004 results on 23 March.
",5.5200000000000005,0.08858129935849987,34,-0.009243480626239992,0.09774461835596371,0.709891227247413
