Sent,Tm,Lex,Luhn,Lsa,Tr,LDA
"Animation charms Japan box office

Oscar-winning director Hayao Miyazaki's latest film has set a new Japanese box office record, with 1.5bn yen ($14.3m) in two days, according to reports.

",18.400000000000002,0.0967827952449869,114,-0.12014536312305031,0.1115344522495896,0.7758907793274044
"Howl's Moving Castle is the follow-up to Miyazaki's Spirited Away, which won best animation at last year's Oscars.",4.6000000000000005,0.12225772066573132,61,-0.22594762007674077,0.10768221763592391,0.7442290997477401
It is based on the children's book by English writer Diana Wynne Jones.,2.7600000000000002,0.11,44,8.144363975528745e-16,0.094446455149076,0.7400684923891356
"It has registered the highest opening weekend takings of any Japanese film in the country, according to trade publication Screen Daily.

",10.120000000000001,0.11158230876516446,78,0.22915140699519176,0.1098075984432046,0.7577591261985785
The film is about an 18-year-old girl who is trapped in an old woman's body after being put under a spell by a witch.,11.96,0.09313287723028654,45,-0.119007244857276,0.10572744586984739,0.7501850511012074
"Its two-day takings represented 1.1 million cinema admissions, Screen Daily said.",2.7600000000000002,0.11153258756034902,57,0.270666602160167,0.11085976094449841,0.735611124996776
The film's distributor Toho expects 40 million people to see it in total - almost one third of the country's population - it added.,22.080000000000002,0.1000659390862178,66,0.0647893854836376,0.09949918165320744,0.7539559959696016
"The film won the Golden Osella for outstanding technical contribution at this year's Venice Film Festival.
",11.040000000000001,0.13464577144726395,73,-0.15092632303447553,0.10044288805465276,0.7528258892051298
