Sent,Tm,Lex,Luhn,Lsa,Tr,LDA
"Slowdown hits US factory growth

US industrial production increased for the 21st month in a row in February, but at a slower pace than in January, official figures show.

",14.72,0.11734825193378386,105,0.09682247399966219,0.09749454710368434,0.7670356752400473
"The Institute for Supply Management (ISM) index fell to 55.3 in February, from an adjusted 56.4 in January.",2.7600000000000002,0.0774852647893376,64,0.028291285092748652,0.09373338010804627,0.7535073477904974
"Although the index was lower than in January, the fact that it held above 50 shows continued growth in the sector.",12.88,0.12993524323930922,50,-0.04765392387147585,0.09922000390576517,0.742724908549515
"""February was another good month in the manufacturing sector,"" said ISM survey chairman Norbert Ore.

""While the overall rate of growth is slowing, the overall picture is improving as price increases and shortages are becoming less of a problem.",19.32,0.09639980435831026,119,-0.05086424158876343,0.09944342315315215,0.7727140434884283
"Exports and imports remain strong,"" he said.",2.7600000000000002,0.08040396461676519,24,0.2874158111125089,0.08778492739034711,0.6928457143196707
Analysts had expected February's figure to be stronger than January's and come in at 57.,2.7600000000000002,0.10745278636452454,43,0.3232483073580891,0.08838078401404115,0.7310719404670324
"Of the 20 manufacturing sectors surveyed by ISM, 13 reported growth.",8.280000000000001,0.09834262518675113,44,-0.12897794922947148,0.09685375311655611,0.7389581803986305
"They included the textiles, apparel, tobacco, chemicals and transportation sectors.",2.7600000000000002,0.08813979756612318,56,-0.08167240245847347,0.08214426464250012,0.7322889645212618
"The ISM's index of national manufacturing activity is compiled from the responses of purchasing executives at more than 400 industrial companies.
",10.120000000000001,0.08449226194509504,90,-0.0386859324787494,0.09494491656590762,0.7581603240620381
