Sent,Tm,Lex,Luhn,Lsa,Tr,LDA
"London hope over Chepkemei

London Marathon organisers are hoping that banned athlete Susan Chepkemei will still take part in this year's race on 17 April.

",12.88,0.31057901849702113,89,-0.05375730851517467,0.12708357385760632,0.7657624442773291
Chepkemei was suspended from all competition until the end of the year by Athletics Kenya after failing to report to a national training camp.,9.200000000000001,0.09243648228728009,77,0.22375951396841487,0.12381843405622567,0.75777561627148
"""We are watching it closely,"" said London race director David Bedford.",5.5200000000000005,0.08926980368105115,42,-0.14320721364028963,0.11481093133971354,0.7310206931753833
"""There is a long way to go before the race and we are hoping the situation will be satisfactorily resolved.""",6.44,0.08738361769011409,42,-0.12920875287549835,0.10853389115046833,0.7222709012720387
The camp in Embu was to prepare for the IAAF World Cross Country Championships later this month.,3.68,0.11738048764718223,53,0.3092180801574917,0.12331743607565143,0.7460384018856462
Chepkemei however took part and finished third in last Sunday's world best 10K race in Puerto Rico.,8.280000000000001,0.09632616166097262,47,0.14040858791689026,0.11939692541054372,0.7384739850979609
"The 29-year-old has finished second to Paula Radcliffe in the 2002 and 2003 London races as well as in November's New York City marathon.
",5.5200000000000005,0.08662442853637857,77,-0.07792168455913688,0.12303880810979094,0.7637486220111749
