Sent,Tm,Lex,Luhn,Lsa,Tr,LDA
"J&J agrees $25bn Guidant deal

Pharmaceutical giant Johnson & Johnson has agreed to buy medical technology firm Guidant for $25.4bn (£13bn).

",9.200000000000001,0.10072587038416793,99,-0.04467969745154557,0.09789047014416044,0.7684405321307471
Guidant is a key producer of equipment that combats heart problems such as implant defibrillators and pacemakers.,5.5200000000000005,0.09415338656563227,74,0.2285382965807429,0.09247543670926063,0.7510771594688802
Analysts said that the deal is aimed at offsetting Johnson & Johnson's reliance on a slowing drug business.,5.5200000000000005,0.1074947824044215,58,-0.07806739510486121,0.10055422346851228,0.7497003985229744
They also pointed out that more mergers are likely because the drug and healthcare industries are fragmented and are under pressure to cut costs.,4.6000000000000005,0.09226666628866341,56,-0.04765031843766663,0.10288569476442865,0.7457399518851121
"A number of Johnson & Johnson's products are facing patent expirations, while the company is also battling fierce competition from generic products.",5.5200000000000005,0.09485451526717228,91,-0.14057010965882308,0.09741740304475227,0.761455295467915
"Meanwhile, demand for defibrillators, which give the heart a small electric shock when an irregular heartbeat or rhythm is detected, is expected to increase, analysts said.",10.120000000000001,0.09587480030704192,97,0.2662899932760137,0.0938771252174556,0.7608873179558215
"The move by Johnson & Johnson has been widely expected and the firm will pay $76 for each Guidant share, 6% more than Wednesday's closing price.",10.120000000000001,0.10246631463309623,73,-0.02037049445857571,0.09749426362014185,0.7552507152621474
Analysts say that US antitrust regulators could force the firms to shed some overlapping stent operations.,4.6000000000000005,0.09927821909597162,59,0.1933782973493777,0.09596314933632677,0.7452282980165441
"Stents are tubes that are used to keep an artery open after it has been unblocked.
",2.7600000000000002,0.09288544505383288,28,0.16909001177857322,0.06144223369496154,0.710511977779808
