Sent,Tm,Lex,Luhn,Lsa,Tr,LDA
"US show sued for rat-eating stunt

A US TV network is being sued for $2.5m (£1.3m) by a viewer who says he was disgusted by watching contestants eat dead rats in a stunt show.

",25.76,0.11783726897321864,88,-0.048091801337821156,0.09825232573018533,0.7678711584959652
Austin Aitken is taking action against NBC over its programme Fear Factor.,2.7600000000000002,0.10133351356284746,44,0.1652977890161545,0.09273103314369684,0.7323274185984596
He said watching the show caused his blood pressure to rise so high that he became dizzy and light-headed.,10.120000000000001,0.10044624041108495,50,0.2691001320051034,0.09502239283679571,0.7458863683334571
"The legal assistant said NBC was ""sending the wrong message to viewers that cash can make or have people do just about anything beyond reasoning"".",7.36,0.06992637628225198,59,-0.022831750006280484,0.09410412192523461,0.7546223669884404
"The hand-written, four-page lawsuit said: ""To have the individuals on the show eat and drink dead rats was crazy and from a viewer's point of view made me throw-up as well as another in the house at the same time.""",21.16,0.13202318630292273,96,-0.08921952046779062,0.09959519290481395,0.7683100515958751
"Mr Aitken, who lives in Cleveland, said that after becoming light-headed, he ran towards the bedroom and knocked his head in a doorway.",5.5200000000000005,0.08203309884762496,57,0.32795059625801504,0.09070954244692386,0.7548833593912662
"A spokesman for NBC said it had no comment on the lawsuit, but confirmed the stunt show did feature a rat-eating scene in New York's Times Square on 8 November.",15.64,0.09219729747396747,88,-0.05621709779045719,0.09815889732229978,0.7634467582598783
Past shows have featured viewers eating spiders and live worms.,2.7600000000000002,0.09095262459709536,38,-0.0623631266194127,0.09006194473443045,0.7309122002799073
"The programme has been screened in the UK on Sky One.
",1.84,0.09325039354898645,20,0.10530865064637498,0.08136454895561934,0.6928509748770346
