Sent,Tm,Lex,Luhn,Lsa,Tr,LDA
"Solskjaer raises hopes of return

Manchester United striker Ole Gunnar Solskjaer said he hoped to return next season following a career-threatening injury to his right knee.

",8.280000000000001,0.1568677399038679,106,-0.08014738984802204,0.1253663450569189,0.7698741845106812
The 31-year-old Norway international had surgery in Sweden in August to transplant cartilage into the joint.,4.6000000000000005,0.10627369856461863,73,0.17506890536792766,0.11869504964484398,0.7551912422451146
"""I'm in no doubt that I'll play again,"" Solskjaer told Aftenposten Daily.",2.7600000000000002,0.09989628731773918,38,-0.03122882824698476,0.10790781537391972,0.7221233337538393
"""The problem will be the speed but we're talking about eight months' time.",4.6000000000000005,0.10576726700809237,28,0.2641134227139225,0.11625706493570663,0.7103722882498134
It's going as it should with the knee.,1.84,0.08223558911206916,4,-0.11709919727638321,0.07834201695773545,0.5321608199730442
"I'm slavishly following a programme.""",1.84,0.11,18,2.1588771306901905e-17,0.05337690061041237,0.6204677489821403
Solskjaer last played for United as a late substitute in May's FA Cup final win over Millwall.,3.68,0.10274241310568563,57,0.024243104348715305,0.11701714979336948,0.7488545827745406
"His contract with United runs out in 2006, by which time he will have been at the Premier League club for 10 years.
",5.5200000000000005,0.11621700498792713,48,0.3100538168448159,0.12303765762709332,0.7503928359468333
