Sent,Tm,Lex,Luhn,Lsa,Tr,LDA
"South African car demand surges

Car manufacturers with plants in South Africa, including BMW, General Motors, Toyota and Volkswagen, have seen a surge in demand during 2004.

",13.8,0.0928669413377451,111,-0.07289221347559606,0.10594164578678811,0.7722788548245315
"New vehicle sales jumped 22% to 449,603 from a year earlier, the National Association of Automobile Manufacturers of South Africa (NAAMSA) said.",3.68,0.1685402013741365,90,-0.13495372509423745,0.10637917362835857,0.765459593770291
"Strong economic growth and low interest rates have driven demand, and analysts expect the trend to continue.",12.88,0.10794079242180288,72,0.318387508538531,0.10218398747536267,0.7547743405240466
"NAAMSA said it expects sales to top 500,000 in 2005.",1.84,0.09023461451890043,29,0.04597617599177555,0.09979640144692911,0.7200952469800468
"During 2004 ""South Africa was one of the best performing markets internationally"" for car sales, NAAMSA said.",5.5200000000000005,0.13067873208168793,56,-0.12523485742192295,0.1074997623044308,0.7414462883229355
"While domestic demand is set to continue to enjoy rapid growth, foreign sales could come under pressure, analysts said.",12.88,0.10946677774519233,67,0.29040897796644033,0.10650711155384712,0.7540254897332024
The vehicle industry accounts for about 13% of South Africa's total exports.,4.6000000000000005,0.08274938282503617,47,-0.10259211282440674,0.10650946695138103,0.73929112947491
"However, the world auto market has its problems and analysts warn that overcapacity and the strength of the rand could hit exports.
",8.280000000000001,0.09752255769549868,66,0.05218914017050392,0.10518245085290258,0.7543431837202195
