Sent,Tm,Lex,Luhn,Lsa,Tr,LDA
"Federer breezes into semi-finals

Roger Federer reached the last four of the Qatar Open with an easy 6-1 6-2 win over seventh seed Feliciano Lopez.

",6.44,0.11960927057513637,88,-0.05485128566539445,0.09819245736463288,0.7651826331137102
The Swiss world number one reeled off a series winners to outclass the Spaniard and set up a semi-final match against Russian Nikolay Davydenko.,6.44,0.09114630506530336,89,-0.04246071074048834,0.09446916956980589,0.7651011011199151
"Federer, who lost in the quarter-final in his last Qatar appearance in 2003, was happy with his form.",4.6000000000000005,0.08872532304882128,52,-0.09694681518017813,0.09499072352591535,0.7445370207059367
"""I think I played better than against Greg Rusedski and I am happy I am playing so well,"" said the top seed.",6.44,0.09255727453222831,32,-0.18354247214741504,0.08993205675587883,0.7201599646493732
Lopez showed glimpses of resolve early in the second set when he held his first service game and came close to breaking Federer.,7.36,0.11644159329283411,63,0.2160585825859847,0.09191571947105412,0.7540715852326318
But the Swiss saved a break point and promptly broke serve in the following game to seize control.,9.200000000000001,0.08305107518715221,53,0.2537688774299954,0.08685695930396213,0.7510293799427612
"Davydenko, meanwhile, upset French third seed Sebastien Grosjean 2-6 6-3 6-2.",4.6000000000000005,0.09480587343969837,50,-0.17324650500286098,0.09391951133647285,0.7198316342182176
Fabrice Santoro completed a miserable day for France when he was forced to retire when 6-2 3-0 down to Albert Costa.,2.7600000000000002,0.09671214739293396,68,-0.07710023472598157,0.09466199400686567,0.750446663444504
"Spaniard Costa will next face Croatian Ivan Ljubicic after the sixth seed beat Rafael Nadal 6-2 6-7 (3/7) 6-3.
",6.44,0.09695113746589197,72,-0.17553731672843711,0.09506140866541218,0.7543359465176331
