Sent,Tm,Lex,Luhn,Lsa,Tr,LDA
"Sprinter Walker quits athletics

Former European 200m champion Dougie Walker is to retire from athletics after a series of six operations left him struggling for fitness.

",5.5200000000000005,0.0977412581439563,108,-5.876567643816519e-17,0.10332682469129148,0.7683799343918573
Walker had hoped to compete in the New Year Sprint which is staged at Musselburgh Racecourse near Edinburgh on Tuesday and Wednesday.,0.92,0.10174670984945579,78,3.2849433993071536e-15,0.10199668157166689,0.7533093289869193
The 31-year-old Scot was suspended for two years in 1998 after testing positive for nandrolone.,2.7600000000000002,0.09409662216312867,52,-2.783968094059028e-16,0.10160885927995034,0.7509325654760975
"""I had intended to race but I'm running like a goon,"" said Walker.",1.84,0.09752652095457032,23,-2.686795468607333e-15,0.09842374058342712,0.710291959697688
"He told the Herald newspaper: ""I'm not in great shape, after missing about a month of training.",5.5200000000000005,0.10273417139380074,46,0.32998346819338015,0.1045614458141991,0.7393086593374001
"""I missed a big chunk of speed work over about three weeks, and then another week working in America.",6.44,0.09455244532082925,40,0.19398250847184076,0.10728877003590698,0.7459223140092184
"""If I'd had a half-decent mark it might have motivated me more, but I won't be racing.",1.84,0.09777777777777777,29,1.250188683736869e-15,0.10271385284786086,0.7104992398044399
"""I still enjoy training, but feel it's time to move on, and concentrate on a career.",7.36,0.09604671661870334,42,0.2669454545181554,0.10461964721176834,0.7222381625557842
"""
",0.0,0.09777777777777777,0,0.0,0.015460177963928892,0.26666666666666666
