Sent,Tm,Lex,Luhn,Lsa,Tr,LDA
"Clijsters set for February return

Tennis star Kim Clijsters will make her return from a career-threatening injury at the Antwerp WTA event in February.

",14.72,0.1526139160482759,100,0.014125151404181226,0.11101138556654995,0.7696215121760354
"""Kim had considered returning to action in Paris on 7 February,"" a statement on her website said.",3.68,0.10093880659579899,53,-0.11345500407560659,0.10664203414704117,0.7308935833654541
"""She's decided against this so that she does not risk the final phase of her recovery.",4.6000000000000005,0.11,32,-8.924329197457013e-16,0.10426278914860293,0.7106854981986883
"If all goes well, Kim will make her return on February 15.""",6.44,0.10185889259148234,23,-0.10145849949691996,0.1090142997521138,0.7090928612575091
The 21-year-old has not played since last October after aggravating a wrist injury at the Belgian Open.,4.6000000000000005,0.10744448393118172,55,0.26308702426066444,0.1087334853786519,0.750350779755482
"Back then, a doctor treating the Belgian feared that her career may be over, with the player having already endured an operation earlier in the season to cure her wrist problem.",9.200000000000001,0.11266030649095957,80,0.2847089010980259,0.10414861416249935,0.7609053672223829
"""I hope she comes back, but I'm pessimistic,"" said Bruno Willems.",5.5200000000000005,0.10349291929464817,30,0.16543370977134583,0.08827994291283237,0.692542918433988
"Clijsters was also due to marry fellow tennis star Lleyton Hewitt in February but the pair split ""for private reasons"" back in October.
",11.96,0.0909906750476533,86,0.17175257512443615,0.10790744893170849,0.761222451637675
