Sent,Tm,Lex,Luhn,Lsa,Tr,LDA
"Tulu to appear at Caledonian run

Two-time Olympic 10,000 metres champion Derartu Tulu has confirmed she will take part in the BUPA Great Caledonian Run in Edinburgh on 8 May.

",5.5200000000000005,0.11,104,3.31729179641595e-17,0.12218109099459659,0.7699691695863069
The 32-year-old Ethiopian is the first star name to enter the event.,2.7600000000000002,0.11,34,0.2934213930901512,0.11921081343611509,0.7324838213830361
"Tulu has won the Boston, London and Tokyo Marathons, as well as the world 10,000m title in 2001.",2.7600000000000002,0.11,52,2.3627688289114518e-15,0.12048286526124138,0.7547348996870449
"""We are delighted to have secured the services of one the most decorated competitors the sport has ever seen,"" said race director Matthew Turnbull.",2.7600000000000002,0.11,70,0.032602377010016566,0.11297601766427517,0.75090263376792
"""Her record speaks for herself and there are few other women distance runners who would dare compare their pedigree with Tulu's,"" he added.",4.6000000000000005,0.11,57,0.14263539941882286,0.10992117015635468,0.7509026339586883
"""She might be 33 next month, but that didn't stop her winning the Olympic 10,000m bronze medal last summer.",5.5200000000000005,0.11,44,-2.521548331428729e-15,0.11946084099497206,0.7468560442185522
She's an ultra-consistent championships racer.,0.92,0.11,37,-0.2934213930901505,0.11814469815890109,0.6930015311198403
"""
",0.0,0.11,0,0.0,0.01762250333354384,0.26666666666666666
