Sent,Tm,Lex,Luhn,Lsa,Tr,LDA
"Prodigy Monfils blows away Gaudio

French prodigy Gael Monfils underlined his huge promise by beating French Open champion Gaston Gaudio 6-4 7-6 (7-4) in the first round of the Qatar Open.

",7.36,0.10134495181067404,123,0.17673111586921408,0.1082482483587234,0.7739789127391781
"The 18-year-old wild card won three of the four junior Grand Slam events last year, including Wimbledon.",4.6000000000000005,0.09372348815515728,62,0.10326415525569742,0.10802105116071073,0.7609437304033455
"Fabrice Santoro, the 2000 champion, beat Sweden's Thomas Johansson 6-4 6-2 but fourth seed Mikhail Youzhny lost 6-3 7-6 (7-3) to Rafael Nadal.",6.44,0.09456411651895073,106,0.05924761857979242,0.10371119766526535,0.7660786031442063
Roger Federer plays Greg Rusedski in the second round on Wednesday.,1.84,0.09660420851832627,42,0.2687764122960194,0.10075504713353997,0.7321516209449435
"Monfils, who was given a wildcard into the tournament, said: ""This is my first win over a top 10 player and I am delighted.",7.36,0.09978329558041353,45,0.18901237533537418,0.10544541986941033,0.731508807671402
"""I play my best tennis when I am fired up on the court and the reason I won today was because I was able to play my natural, attacking game,"" he said.",11.96,0.10064660608314487,57,0.2850013007225538,0.1073888664090929,0.750213327627733
"""Of course I was a bit tired in the second set.",3.68,0.09777777777777777,11,-7.159128409660296e-14,0.09440455639204529,0.6645500490901692
But I was confident I could survive had there been a third set.,3.68,0.09777777777777777,19,-7.15449470938716e-14,0.09656543504728309,0.6555631650861258
"""
",0.0,0.09777777777777777,0,0.0,0.015460177963928892,0.26666666666666666
