Sent,Tm,Lex,Luhn,Lsa,Tr,LDA
"Angels 'favourite funeral song'

Angels by Robbie Williams is the song Britons would most like played at their funeral, a survey has suggested.

",8.280000000000001,0.0983096678884975,79,0.09303682246309072,0.09271020610904548,0.7613268578617056
"While the melancholy hit topped the UK poll, Europeans favoured Queen's more upbeat anthem",4.6000000000000005,0.09826889137841843,54,4.628151151986285e-15,0.09527275528387104,0.7438904956647073
The Show Must Go On as their first choice.,2.7600000000000002,0.0970901262994273,10,0.2636757478462528,0.09291507969595934,0.5326352640250154
Frank Sinatra's My Way was second in the UK vote with Monty Python's Always Look on the Bright Side of Life in third place.,1.84,0.09270374696574771,49,1.804555705232014e-15,0.09435506903356268,0.7451515796809279
"More than 45,000 people were surveyed by digital TV station Music Choice.

",2.7600000000000002,0.10015225494809078,44,0.3129020291016328,0.08946440339996861,0.745765582433029
"The European chart, which included Denmark, France and Germany, put Led Zeppelin's Stairway to Heaven in second and AC/DC's Highway to Hell in third.",1.84,0.09450263298845565,86,1.0783796874156448e-15,0.0894888180635896,0.7638906632088256
"Queen's Who Wants to Live Forever was highly favoured by both UK and European voters.

",0.92,0.10563583977848931,43,4.673890248640278e-15,0.09507235320905769,0.7384392153443581
"Both lists featured only one traditional or classic song each, with Britons requesting the Royal Scots Dragoon Guards' Amazing Grace and their continental counterparts opting for Mozart's Requiem.",5.5200000000000005,0.09624671345344603,117,0.0437193640570612,0.09283052265096112,0.7711583243922199
"""Wanting to share your most treasured musical gem with those you're leaving behind is the perfect way to sign off and leave a lasting impression,"" Music Choice music and marketing manager Simon George said.
",11.96,0.0970901262994273,105,0.26387948644129694,0.09789079255398435,0.7701869805555336
