Sent,Tm,Lex,Luhn,Lsa,Tr,LDA
"Teens 'know little' of politics

Teenagers questioned for a survey have shown little interest in politics - and have little knowledge.

",5.5200000000000005,0.08838674815207113,61,0.0536879272373415,0.09333209383284254,0.732555753799628
"Only a quarter of 14-16 year olds knew that Labour was the government, the Tories were the official Opposition and the Lib Dems were the third party.",5.5200000000000005,0.10456087927089387,72,0.30372020256684706,0.09775412291839837,0.7638500284071499
"Almost all could identify Tony Blair, but only one in six knew who Michael Howard was, and just one in 10 recognised Charles Kennedy.",1.84,0.09482228219622886,59,0.10433754611195512,0.08915006452634094,0.750662675841477
The ICM survey interviewed 110 pupils for education watchdog Ofsted.,5.5200000000000005,0.09025103425119398,48,-0.08100054118478918,0.08395711300640324,0.7376610567019394
Nearly half those pupils polled said it was not important for them to know more about what the political parties stand for.,5.5200000000000005,0.08959896998017997,41,0.04349322650925142,0.10139061924879231,0.7319866616578349
And 4% of those questioned thought the Conservatives were in power - while 2% of them believed the Lib Dems were.,3.68,0.09945546901755205,45,0.2884359409299183,0.09452801832875685,0.7316941938271206
The survey also looked at issues of nationality.,3.68,0.12691309020549818,26,-0.11594666637388103,0.09568761973632306,0.6913183668832005
It found the Union flag and fish and chips topped the list of symbols and foods associated with being British.,2.7600000000000002,0.09399994998055468,45,-0.054360367535824274,0.09415046714174893,0.7397630409845924
"Many of the pupils also looked on themselves as English, Scottish or Welsh, rather than British; while the notion of being European hardly occurred to anyone.
",0.92,0.09201157694582729,55,-0.12457365112525375,0.0900498812603937,0.7449527517752594
