Sent,Tm,Lex,Luhn,Lsa,Tr,LDA
"O'Sullivan commits to Dublin race

Sonia O'Sullivan will seek to regain her title at the Bupa Great Ireland Run on 9 April in Dublin.

",6.44,0.126562963334311,85,0.19153033670086653,0.13847807114651836,0.7661903242234493
"The 35-year-old was beaten into fourth at last year's event, having won it a year earlier.",9.200000000000001,0.12109203590112545,42,-0.1773144352558267,0.14177481705784953,0.7509216699617209
"""I understand she's had a solid winter's training down in Australia after recovering from a minor injury,"" said race director Matthew Turnbull.",9.200000000000001,0.1443335591121546,84,0.2633262713833282,0.1412579221756314,0.7583012219017448
"Mark Carroll, Irish record holder at 3km, 5km and 10km, will make his debut in the mass participation 10km race.",8.280000000000001,0.14299819302986164,72,0.2393146437610915,0.1362792959097508,0.7680680387750073
"Carroll has stepped up his form in recent weeks and in late January scored an impressive 3,000m victory over leading American Alan Webb in Boston.",4.6000000000000005,0.1428690352374257,89,0.0772487168943608,0.14540096941709946,0.7681520408367287
"Carroll will be facing stiff competition from Australian Craig Mottram, winner in Dublin for the last two years.
",2.7600000000000002,0.20214421338512167,65,-0.04408091546329682,0.13680892429315014,0.7486991161652782
