Sent,Tm,Lex,Luhn,Lsa,Tr,LDA
"Lib Dems predict 'best ever poll'

The Lib Dems are set for their best results in both the general election and the local council polls, one of their frontbenchers has predicted.

",16.560000000000002,0.11452031934838733,82,0.0807754292366034,0.11320156838287265,0.764786246766342
Local government spokesman Ed Davey was speaking as the party launched its campaign for the local elections being held in 37 English council areas.,13.8,0.16376344515415428,92,-0.12034815505725516,0.12422387568765857,0.7674921451239752
The flagship pledge is to replace council tax with a local income tax.,16.560000000000002,0.09579676786766858,45,0.19107451865548988,0.11138103440525451,0.7389720158021214
The Tories say the Lib Dems would make people pay more tax and Labour says the party's sums do not add up.,9.200000000000001,0.09991995674631467,43,0.2578978812140542,0.11894019842984685,0.7533301942266696
"Looking to the coming elections, which are all expected to be held on 5 May, Mr Davey said: ""We are going to be winning more votes and winning more seats.",0.92,0.07683824859609048,44,-0.2131924219695837,0.11996309396876109,0.7510510358138489
"""I think we are going to have the best general election results and local election results we have ever had under [party leader] Charles Kennedy.",20.240000000000002,0.1378992981155945,65,-0.15044239272990065,0.1251477556710788,0.7486228292179586
"""I couldn't think of a stronger endorsement of a leader.",2.7600000000000002,0.08126196417179014,23,-0.16450920684533735,0.10951997012098377,0.6641760335538248
"""
",0.0,0.11,0,0.0,0.01762250333354384,0.26666666666666666
