Sent,Tm,Lex,Luhn,Lsa,Tr,LDA
"Elvis set to top UK singles chart

Rock 'n' roll legend Elvis is set to top the UK singles chart on Sunday, 27 years after his death.

",27.6,0.11338123372361637,79,-0.003523500014911885,0.09763562162889851,0.7696268454284398
"The re-release of hit song Jailhouse Rock was out-selling X Factor winner Steve Brockstein's cover of Against All Odds by 2,000 copies on Tuesday.",5.5200000000000005,0.06218410826948052,88,-0.01911269061045021,0.09319055605055318,0.7658653702045711
"If the record does make the top spot, it will be Elvis' 19th UK number one.",14.72,0.141427844074581,34,0.07864933827262476,0.09582101454460229,0.7285514039506947
"The last time he topped the charts was with the remix of the little-known song A Little Less Conversation, which was number one in June 2002.",9.200000000000001,0.09304838972552967,58,-0.22127809782364524,0.09688223394210199,0.7504928676020788
"If Jailhouse Rock does reach number one on Sunday, it will be the 999th in the history of the UK pop charts.",8.280000000000001,0.1363348989969206,52,0.005483991940586624,0.09339823878282677,0.7495943039321631
The song first topped the charts in 1958.,3.68,0.08232705258261915,16,-0.22171737303774997,0.09041017816020015,0.6176654192175531
Chart analysts say Elvis could score the 1000th number one as well.,5.5200000000000005,0.09281612313070904,34,-0.07633063907996064,0.08699209990976262,0.7216065170503353
"His record One Night will be released the following week, followed the week after by A Fool Such As I, as part of his record company SonyBMG's new Elvis campaign.",14.72,0.0659455348206643,68,0.26158380184815977,0.09238537575567309,0.7549688612158509
"It has called it ""the most ambitious singles release campaign in the history of the UK record industry"".
",11.96,0.09253481467587933,57,0.26695517567158045,0.09328468122538139,0.39213381634546024
