Sent,Tm,Lex,Luhn,Lsa,Tr,LDA
"Insurance bosses plead guilty

Another three US insurance executives have pleaded guilty to fraud charges stemming from an ongoing investigation into industry malpractice.

",20.240000000000002,0.11391582532852089,107,-0.21940094328540144,0.11122240488415533,0.765137209800141
Two executives from American International Group (AIG) and one from Marsh & McLennan were the latest.,0.0,0.08244256609616178,55,0.10229682212243282,0.10104090945665485,0.7395261169831344
The investigation by New York attorney general Eliot Spitzer has now obtained nine guilty pleas.,8.280000000000001,0.08792138339185579,60,-0.1707517416609394,0.1060737206267813,0.7447869949494821
"The highest ranking executive pleading guilty on Tuesday was former Marsh senior vice president Joshua Bewlay.

",11.040000000000001,0.1351541286515135,77,-0.02720267130119981,0.10572157944319654,0.7576369435101671
He admitted one felony count of scheming to defraud and faces up to four years in prison.,3.68,0.10522326981201323,43,0.12976684404233216,0.09785135707834651,0.740220380160376
A Marsh spokeswoman said Mr Bewlay was no longer with the company.,2.7600000000000002,0.11396782159560236,35,0.23483280494781045,0.10239117479920647,0.7187957559285867
Mr Spitzer's investigation of the US insurance industry looked at whether companies rigged bids and fixed prices.,7.36,0.14587558682080007,64,-0.010100514336685575,0.10887884435488829,0.7538438606547708
"Last month Marsh agreed to pay $850m (£415m) to settle a lawsuit filed by Mr Spitzer, but under the settlement it ""neither admits nor denies the allegations"".
",4.6000000000000005,0.0954994183035324,82,0.2410690668164329,0.10682000935677063,0.7644809244985411
