Sent,Tm,Lex,Luhn,Lsa,Tr,LDA
"Britannia members' £42m windfall

More than 800,000 Britannia Building Society members are to receive a profit share worth on average £52 each.

",17.48,0.14144141893156195,93,-0.17562279897726363,0.09643276849874134,0.7655273540740817
"Members of the UK's second largest building society will share £42m, with 100,000 receiving a windfall of more than £100.",11.040000000000001,0.06588610513587582,63,-0.193334652297342,0.09301390061082289,0.7565315327390405
"Depending on how much they borrow or invest, members earn ""reward"" points which entitle them to a share of the society's profits.",12.88,0.07151681940654972,65,-0.05714983611294922,0.09178074703921832,0.7541745928873773
"The payouts are bigger than last year, because of stricter eligibility rules.",4.6000000000000005,0.06538447311602723,34,0.2148253813515799,0.08516403802231075,0.7176199006927194
"Last year, Britannia members shared £42m, but the average payment was only £38.

",8.280000000000001,0.16521205908194928,45,0.06345196852859486,0.09672420886718286,0.7357025033475918
"To qualify for this year's payment, customers must have been members for at least two years on 31 December 2004.",11.040000000000001,0.13037431384666132,50,0.2914482438493598,0.09295461267675754,0.7420316636088945
"Britannia has also stopped making payments to members if they are worth less than £5.

To qualify for the profit share, members must have either a mortgage, or an investment account other than a deposit account.",21.16,0.10608436539267853,100,0.014475518841109713,0.09749514649941858,0.7666133702586815
Customers can also qualify if they have Permanent Interest Bearing Shares (PIBS).,2.7600000000000002,0.06797616654931479,44,0.17756748471122027,0.09156442692144762,0.7198959183140361
"The profit share scheme was introduced in 1997 and has paid out more than £370m. Britannia will unveil its results on Wednesday.
",12.88,0.06612427853938131,68,-0.08008769409703784,0.09487015086410008,0.7531305017498419
