Sent,Tm,Lex,Luhn,Lsa,Tr,LDA
"Beattie return calms attack fears

Everton striker James Beattie has been declared fit for training on Tuesday, despite suffering an alleged assault last Saturday.

",8.280000000000001,0.132060036032015,107,-8.23757910430289e-18,0.13128003805170751,0.7694407302466143
"Beattie, 27, is not believed to be as seriously hurt as some reports have suggested after being ""the victim of an unprovoked assault"" in Birmingham.",5.5200000000000005,0.12203603281733631,66,4.505795862526055e-16,0.1207944479069249,0.7498740447597089
He was on a night out with his girlfriend and two friends following Everton's 3-1 win over Aston Villa.,3.68,0.1304164419555607,44,-8.240656470786355e-16,0.12195816238433882,0.7313240490942583
"""He was shaken but not badly injured,"" said Everton spokesman Ian Ross.",1.84,0.11874336572515032,39,7.162771204858892e-16,0.11927355550316458,0.7328176246633266
"He added: ""He did speak to the police but will not be pressing charges.",2.7600000000000002,0.1257142857142857,25,0.3332034023773938,0.11490420049333705,0.7105663541255565
"""He has spoken to manager David Moyes about what happened.""",0.92,0.1257142857142857,28,0.333203402377394,0.11364189240373922,0.7105663541803651
"Beattie was suspended for the win at Aston Villa after his red card against Chelsea and he will be available again for the Merseyside derby at Liverpool on 20 March.
",5.5200000000000005,0.1253155520413663,72,-8.03255852595247e-16,0.11814770325678776,0.7604174119616632
