Sent,Tm,Lex,Luhn,Lsa,Tr,LDA
"Palace threat over Cantona masks

Manchester United fans wearing Eric Cantona masks will not be allowed in Selhurst Park on Saturday.

",2.7600000000000002,0.18868539715840527,86,-0.0376966070253404,0.12331971497294608,0.7618384731294991
United fans are planning to mark the 10th anniversary of Cantona's infamous kung-fu kick on Crystal Palace fan Matthew Simmons by wearing the masks.,10.120000000000001,0.11330158604282405,96,-0.0879445621494437,0.11908327641341403,0.7703750631196313
"But Palace stadium manager Kevin Corner has warned: ""If they wear them inside Selhurst Park they will be immediately rejected on safety grounds.",10.120000000000001,0.09120067461155756,86,0.03727285515720329,0.1175631462414469,0.7633096336443757
"""And no fans wearing Cantona masks will be allowed entry to the stadium.""",4.6000000000000005,0.15161049060360182,35,-0.051158449697687354,0.1171849083600612,0.7275220707229659
"United fans had declared Saturday as 'Cantona Day' and had planned to wear masks, that were popular during the Frenchman's time as a player at the Old Trafford club.",10.120000000000001,0.10925500194385314,86,-0.14307657035292246,0.12368672090897229,0.7633374783074203
Cantona received a nine-month ban following the incident and Palace are keen to avoid an incident that would stir up ill feeling between the two sets of supporters.,10.120000000000001,0.10119578696078779,81,0.31996607832613705,0.11875018140748426,0.7605551180656853
"Four months after the Cantona incident a Palace fan, Paul Nixon, was killed prior to an FA Cup semi-final at Villa Park.
",7.36,0.1247510626789704,71,0.2997022375932943,0.12041205169567526,0.7637946547230112
