Sent,Tm,Lex,Luhn,Lsa,Tr,LDA
"Moya sidesteps Davis Cup in 2005

Carlos Moya has chosen not to help Spain try and defend the Davis Cup crown they won in Seville in November.

",5.5200000000000005,0.16470589167866906,83,-0.05620096377147269,0.09193660468366378,0.7675365829052967
"Moya led Spain to victory over the USA but wants to focus on the Grand Slams in 2005, although insists he will return to the Davis Cup in 2006.",7.36,0.09909244090210005,65,-0.15876343180158448,0.09790420060327858,0.7619234464610266
"""After two years of total commitment with the Davis Cup team...",2.7600000000000002,0.09137968270115393,31,0.17647866588396488,0.09598054177391825,0.7207847024765575
"I have taken this difficult decision to concentrate on the regular circuit,"" said Moya.",4.6000000000000005,0.06584394368004678,46,-0.16059803828017688,0.08989291523020776,0.7218510727084156
"""They know that after this season they can count on me again if they so wish.""",2.7600000000000002,0.09777777777777777,11,1.2085953743611587e-15,0.08207169733987019,0.6163555830036294
The 1998 French Open champion is determined to make an impact in the major events after spending much of the last eight years in the top 10.,8.280000000000001,0.07374112687510287,66,0.20233204872173696,0.09756309956974375,0.7583390236287259
"""At the age of 29 I have set some tough goals in my professional career and this season I need to fix my objectives on specific dates and tournaments,"" he said.",9.200000000000001,0.09777777777777777,75,1.5221635330069583e-15,0.09544822197937822,0.7610655100741129
"""Since the Davis Cup in Seville I have been working on my condition as well as technical and medical aspects of my game which will allow me to come into the big events of the year in top form.",11.040000000000001,0.11119844236889177,76,0.24976688941060143,0.09673598429607935,0.7578422091751223
"""

Moya began 2005 with victory in the Chennai Open on Sunday.
",4.6000000000000005,0.07848291623847997,37,-0.20205258460635386,0.0924667345238602,0.7295149252806998
