Sent,Tm,Lex,Luhn,Lsa,Tr,LDA
"Hingis hints at playing comeback

Martina Hingis has admitted that she might consider a competitive return to tennis if an appearance in Thailand later this month goes well.

",5.5200000000000005,0.1566655591302092,86,0.20756498481308833,0.11619144575798986,0.7613833781345941
"The former world number one will play at the Volvo Women's Open in Pattaya, which starts on 31 January, as part of her charity work in the region.",11.040000000000001,0.1566655591302092,71,-0.20484785417406282,0.12204120382039396,0.7604885046013351
"""The tournament is a test,"" she said.",1.84,0.11,14,2.7451472014932455e-16,0.10687463468632319,0.6206814033794317
"""I don't know how my body will react.",1.84,0.11,9,-3.4072731308531685e-16,0.07548122076494992,0.6216506457282193
"""I support several charities in Thailand.",0.92,0.09111184946874942,22,-0.0007846625197990872,0.09274854620011493,0.6651138505960119
"I'm also playing to see where I am.""",0.0,0.09111184946874942,4,-0.001252860972526057,0.10578392913577933,0.5317710479597628
"Speaking to Le Matin, the 24-year-old Swiss added: ""At Pattaya there will not be as many people and the players are ranked between the 30th and 95th in the world.""",4.6000000000000005,0.08222259140104138,67,-0.24742666574407204,0.11332633399435531,0.7662371770194355
"Hingis was 22 when she retired after having surgery on both ankles, and her last WTA event was in Filderstadt, Germany, in October 2002, when she lost to Elena Dementieva.
",3.68,0.08222259140104138,82,0.2530314535492885,0.1075526856400933,0.7638641647858917
