Sent,Tm,Lex,Luhn,Lsa,Tr,LDA
"O'Sullivan could run in Worlds

Sonia O'Sullivan has indicated that she would like to participate in next month's World Cross Country Championships in St Etienne.

",3.68,0.09760047963035778,86,-0.11681424407730932,0.12282118467568198,0.7613759904531104
Athletics Ireland have hinted that the 35-year-old Cobh runner may be included in the official line-up for the event in France on 19-20 March.,2.7600000000000002,0.11668180247199982,84,-7.820884698405445e-05,0.12303797899638011,0.7683512907293022
Provincial teams were selected after last Saturday's Nationals in Santry and will be officially announced this week.,1.84,0.12352131365568608,65,0.3185463424503356,0.11544727201301101,0.7461393859237424
O'Sullivan is at present preparing for the London marathon on 17 April.,2.7600000000000002,0.09703422517019177,44,-0.12220905309540155,0.11950000381621885,0.7321589846815013
"The participation of O'Sullivan, currentily training at her base in Australia, would boost the Ireland team who won the bronze three years agio.",8.280000000000001,0.1073077245609799,83,0.04400472152231886,0.12248191596883953,0.7599259415334505
"The first three at Santry last Saturday, Jolene Byrne, Maria McCambridge and Fionnualla Britton, are automatic selections and will most likely form part of the long-course team.",6.44,0.12515452512856776,99,0.300703137810927,0.1168554022089305,0.7641235339197964
"O'Sullivan will also take part in the Bupa Great Ireland Run on 9 April in Dublin.
",2.7600000000000002,0.21269992938221688,44,-0.07667224009053934,0.11985624232093788,0.7204767642462412
