Sent,Tm,Lex,Luhn,Lsa,Tr,LDA
"Ad firm WPP's profits surge 15%

UK advertising giant WPP has posted larger-than-expected annual profits and predicted that it will outperform the market in 2005.

",14.72,0.138992813873696,104,0.11281417266157794,0.09994203483384916,0.7722123590871969
"Pre-tax profits rose 15% from a year ago to reach £546m ($1.04bn), ahead of average analysts' forecasts of £532m. Revenues were £4.3bn while the firm's operating margins were 14.1%, which it said could reach 14.8% by 2006.",15.64,0.08434115822584184,117,-0.11605319592254203,0.09175483170445298,0.7790923145985755
"During the year WPP bought US rival Grey Global, creating a giant big enough to rival sector leader Omnicom.

",11.040000000000001,0.0957268453821129,63,-0.13242989658452708,0.09653494081985634,0.7603995283745184
Chief Executive Martin Sorrell on Friday told Reuters news agency that WPP had submitted a proposal for United Business Media's NOP World market research unit.,7.36,0.09195773684714771,117,0.18005112497282316,0.09547022827266134,0.7741047836218082
Analysts say the unit sell could sell for up to £350m. WPP in recent years has also bought firms such as Ogilvy & Mather and Cordiant Communications.,6.44,0.10567146955145484,77,-0.17348981041813033,0.09473143299918466,0.7631200547312262
It also includes the firms Young & Rubicam and J Walter Thompson.,0.0,0.09167263083360458,37,-0.1267009476343857,0.08250635713863207,0.7227413224872058
Events such as the Olympics helped boost WPP's profits in 2004.,1.84,0.08477209415880967,34,0.11467655921042662,0.09481101107364491,0.7307109929470627
The company said the US Congressional elections and the FIFA World Cup are likely to present advertising opportunities in the near future.,4.6000000000000005,0.09406806215598537,75,0.26041152496650716,0.09300364214412672,0.7507624659555365
"The long-term outlook looks ""very favourable"" because of media and technology developments and the strength of the US economy, WPP said.
",4.6000000000000005,0.09279718897134709,71,0.04703111808251544,0.0912455210135917,0.7505648561612603
